,id,sfr,sfrd,sn,snr,snrd,mass,z,halo_volume
0,146633.0,1.0818537,2692153639124040.0,1815.47731615766,3.7948479679231576e-11,94433.4133789698,5427562.3,0.524565820433923,4.018543682937829e-16
1,263184.0,1.8754878,1240851382125036.8,1607.5005657895288,4.4902855998237054e-11,29708.4155528892,6463510.460000001,0.524565820433923,1.5114524003576544e-15
2,248057.0,3.633767,4207247324573146.5,6855.151181044349,1.6882324782387617e-10,195466.8964005541,64002586.839999996,0.524565820433923,8.636922718510897e-16
3,103463.0,6.659909,2679221820783276.5,34949.61555546788,8.894064158823042e-10,357800.24576559756,109504988.63,0.524565820433923,2.48576245099891e-15
4,332088.0,5.2940235,5111063690295909.0,27199.84135619729,7.18500311902862e-10,693669.1640362012,140453464.9,0.524565820433923,1.0357968166296706e-15
5,348830.0,9.982719,5089971302963784.0,82641.84206475546,1.840037262870011e-09,938194.9811862265,593919131.29,0.524565820433923,1.9612525112248217e-15
6,341896.0,0.73962396,4700985951618896.0,9.879453592645056,3.790818085434027e-14,240.94112046840942,2254809.35,0.524565820433923,1.5733379499789674e-16
7,226053.0,5.309916,2883776499556729.5,22028.451445254854,4.804427950311665e-10,260924.96410343,89400160.17,0.524565820433923,1.8413063567222346e-15
8,317123.0,0.85720664,598349244011578.2,4912.695631319858,1.5691555167656127e-10,109530.53480702176,10221744.1,0.524565820433923,1.4326192413195609e-15
9,230036.0,5.4240723,2985843296446468.5,26495.556906717997,7.204660971886795e-10,396602.17409118405,152644806.84,0.524565820433923,1.8165964390881906e-15
10,126753.0,5.6229696,3948992645936331.5,16963.189553902124,4.3140269745711456e-10,302972.6640697544,84995026.98,0.524565820433923,1.4238997395414896e-15
11,48224.0,0.45950085,667696789623264.4,15629.985826847156,4.1018148840521185e-10,596031.2434047775,50669569.2,0.524565820433923,6.881878977720785e-16
12,213213.0,5.670811,2759975459966298.0,29523.958738171652,7.077838573370161e-10,344477.3732029602,136689783.94,0.524565820433923,2.0546599352985718e-15
13,280176.0,21.1454,1.1459077691348172e+16,382803.42124932207,9.320750224611066e-09,5051084.442264943,4305554731.28,0.524565820433923,1.845296852814358e-15
14,237443.0,3.918128,5572551548532096.0,20258.372971700814,5.575364972226661e-10,792955.4294707392,78234873.29,0.524565820433923,7.031120243350824e-16
15,41586.0,1.098728,923953167334770.8,26102.0852840356,6.70442872967507e-10,563795.4216105819,115451968.09,0.524565820433923,1.189159839312401e-15
16,106201.0,0.23431167,401165650861167.5,19055.545732397095,5.22684324972127e-10,894889.261906474,60793635.93,0.524565820433923,5.840771000633075e-16
17,323665.0,0.24459855,587530699796233.1,2297.8078352635475,7.987294359501454e-11,191856.4376001573,6859652.8,0.524565820433923,4.1631620285515536e-16
18,53998.0,2.5695834,6567267906518230.0,12088.431905753318,4.1526475379118277e-10,1061321.8042586315,65863501.89,0.524565820433923,3.9127129219893765e-16
19,220239.0,0.20940791,270591015974914.97,2644.4885477069492,4.807846230658541e-11,62125.637766264896,7029197.5,0.524565820433923,7.738908449917386e-16
20,56932.0,3.4630268,7305006002109524.0,35835.267123583064,8.573526029936964e-10,1808523.6622463262,327113403.54,0.524565820433923,4.740621430016559e-16
21,145213.0,0.66549534,487099086153659.56,2084.482573648772,3.791839880867986e-11,27753.789242337854,13277499.45,0.524565820433923,1.3662422265150049e-15
22,329887.0,0.36937386,1549709663464230.2,2222.9812053431933,6.260376953193793e-11,262654.3919835902,6192304.35,0.524565820433923,2.3835036246357233e-16
23,170330.0,8.288353,6394171754031961.0,121176.89955928783,2.812876952048235e-09,2170035.2717064945,604833543.48,0.524565820433923,1.2962355906022745e-15
24,172344.0,17.76547,6187388877130377.0,132033.67491201044,3.3428584255986386e-09,1164256.5628925427,581640134.5,0.524565820433923,2.8712386360043e-15
25,111429.0,11.817071,2592749992969429.5,66052.90038953934,1.486701693287225e-09,326192.9969632992,325949685.79,0.524565820433923,4.557736392650077e-15
26,137114.0,4.492078,2639558338056162.5,62578.80021400066,1.4483716623308552e-09,851067.4787725576,231584275.6,0.524565820433923,1.7018294065468848e-15
27,179621.0,12.936194,5135708298105979.0,100876.59736508493,2.277405140594601e-09,904136.7560428444,480454299.29,0.524565820433923,2.518872422090405e-15
28,292509.0,0.25311852,685729383665390.0,12342.870934096249,2.880373007764352e-10,780328.6805488095,27830447.34,0.524565820433923,3.691230477058167e-16
29,211086.0,0.9292623,1258056070787795.5,9183.464029019671,2.353874862883695e-10,318672.8398564778,32521243.05,0.524565820433923,7.386493508338585e-16
30,25419.0,3.0200963,1.1632759576943782e+16,20099.866724140567,6.887034616473323e-10,2652737.195549804,172318225.35,0.524565820433923,2.5961993626910796e-16
31,325245.0,1.5628353,1642993577155708.5,2365.2573425862793,3.452862371347171e-11,36299.606867889604,7050076.8,0.524565820433923,9.512120569001397e-16
32,199527.0,0.15530248,310093901093512.8,963.7367814430818,2.6416402743469497e-11,52745.876173901604,8054683.35,0.524565820433923,5.008240389518868e-16
33,115651.0,2.9257681,1423698131199724.2,73233.5747317652,1.4561068639655706e-09,708551.2419985965,428608611.71999997,0.524565820433923,2.0550480722584844e-15
34,305914.0,5.497591,2690705772443593.5,54964.52090097208,1.3798668121950852e-09,675353.1859275554,261432275.66,0.524565820433923,2.043178059936038e-15
35,110085.0,24.41087,4460253580682221.5,109879.41506463719,2.5200959600974e-09,460461.5496984429,541455129.39,0.524565820433923,5.4729780624415115e-15
36,175053.0,7.761603,7214430277997143.0,127771.22384277613,3.177103145643143e-09,2953125.6790959104,423517581.41,0.524565820433923,1.0758442040352994e-15
37,329180.0,2.4811642,3609643372302970.0,8695.011531479686,2.2922213586333038e-10,333476.5847033427,31909514.4,0.524565820433923,6.873710070745867e-16
38,44802.0,21.660727,1.2435096946220648e+16,180766.00162937632,5.769922612634879e-09,3312425.6198928803,2013947996.88,0.524565820433923,1.7419025435570297e-15
39,337589.0,4.376069,4302781499977976.0,5800.015530589013,1.4486207444491204e-10,142436.0205403525,31564352.5,0.524565820433923,1.0170325869492558e-15
40,129257.0,0.41638327,514498023523568.06,870.2301098524246,3.592138178289198e-11,44385.74088131213,15162660.76,0.524565820433923,8.093000380222576e-16
41,130381.0,16.061941,1.0077935593160734e+16,132175.8576533106,3.281871046577878e-09,2059183.571429559,1881274392.47,0.524565820433923,1.5937729360862594e-15
42,269348.0,3.9901507,2995775173587719.0,10591.815809382955,3.1482213928779193e-10,236366.0973943019,78159278.27,0.524565820433923,1.3319259519803764e-15
43,189186.0,28.906994,7385171536069789.0,272205.41318771173,6.4115578707816674e-09,1638027.623666473,1176767963.86,0.524565820433923,3.914193984366626e-15
44,172896.0,6.5242624,3683900541777003.0,19040.949953045816,4.3541276539260423e-10,245854.2014383784,76619934.12,0.524565820433923,1.7710202341274097e-15
45,1.0,11.985009,4226499642240498.5,105079.45144193587,2.7323967728518165e-09,963576.5799522799,389702180.64,0.524565820433923,2.8356820098171495e-15
46,70238.0,11.185356,3852341146221313.0,30672.5893810114,7.123053896992045e-10,245324.6335130909,91233210.16,0.524565820433923,2.903521670444867e-15
47,301610.0,1.8937236,1206179494282154.0,13155.168733178481,3.345452461775596e-10,213083.69175361577,57434577.76,0.524565820433923,1.5700180686018304e-15
48,275629.0,0.4041227,226349812334003.6,30916.973158789275,5.915479566336582e-10,331327.01768693473,134444299.96,0.524565820433923,1.7853900378042873e-15
49,100193.0,1.2467599,1826659175188678.8,893.5801026184749,3.2120783056468616e-11,47060.96425169228,3014926.4000000004,0.524565820433923,6.825355911680788e-16
50,268204.0,4.777518,2468399142853847.0,53788.31722845814,1.3450595740494785e-09,694951.6254404678,207023567.47,0.524565820433923,1.935472232613263e-15
51,280472.0,0.73275685,2025748951387180.2,59.170260903641925,3.943559612292266e-13,1090.220002628961,2890665.2,0.524565820433923,3.617214509716158e-16
52,14372.0,1.2631861,1838823869965498.0,1088.7081668952846,1.6799937474264788e-11,24455.720373748547,1511053.1,0.524565820433923,6.869532860826422e-16
53,182284.0,6.2495756,5871543709552340.0,30715.221255180466,7.161918612229398e-10,672869.9813785971,149615558.86,0.524565820433923,1.0643837309484122e-15
54,225410.0,10.704687,4768937068401329.0,67982.36567827575,1.5045349271609218e-09,670270.1708926392,307333725.42,0.524565820433923,2.244669377360538e-15
55,157290.0,1.2373956,1620388466454931.8,3487.376708120183,9.328829098909004e-11,122162.44406721105,14475537.25,0.524565820433923,7.636413277534371e-16
56,183666.0,5.2155375,7815957556462960.0,25353.836251038083,6.392185000828895e-10,957927.0911107013,176637539.29,0.524565820433923,6.672934777757729e-16
57,317491.0,3.7131133,6326557788691133.0,23534.0673494927,5.577692145288153e-10,950350.5234998921,96667718.69,0.524565820433923,5.86908935952071e-16
58,297208.0,2.482734,2423017843361880.5,10755.707548269123,2.5048303025670315e-10,244458.26728572027,65419048.62,0.524565820433923,1.0246453639628444e-15
59,91913.0,9.072971,7664496184698749.0,76013.71186782647,1.902122952867772e-09,1606840.153581771,308255142.98,0.524565820433923,1.1837661317012726e-15
60,263003.0,1.234578,4867422597462658.0,4125.13858181977,1.1569842275088563e-10,456150.2937752402,14356176.4,0.524565820433923,2.536410133452505e-16
61,214605.0,4.9579124,5552370324628833.0,17396.97075020137,4.2846694785811825e-10,479840.5002822772,65905007.45,0.524565820433923,8.929361894339114e-16
62,142218.0,0.48934114,1800911805623173.5,1154.0228200926229,3.559874970420205e-11,131013.32254165658,1411975.1,0.524565820433923,2.717185475002604e-16
63,294086.0,0.30200353,711897177424975.6,92.55442807562552,5.865494087012015e-13,1382.6423435337786,3971853.0,0.524565820433923,4.242235249371067e-16
64,368278.0,10.026704,6681976467745530.0,81541.66203835094,2.227358758959966e-09,1484352.0674986893,473193336.27,0.524565820433923,1.5005596096304373e-15
65,190378.0,6.9395075,3670892136904249.5,63054.371374452014,1.4038666277362605e-09,742623.7330270662,310092789.75,0.524565820433923,1.8904144391047816e-15
66,353688.0,12.667763,1.1988241673702222e+16,178624.67524868497,4.385309067992241e-09,4150073.293995857,1199117091.9,0.524565820433923,1.0566823179573029e-15
67,304816.0,1.9216484,873234073809654.0,35452.055945480795,8.544700267255502e-10,388287.65053263446,131160246.33,0.524565820433923,2.2006108758633683e-15
68,360042.0,3.0462081,1814350546395095.5,41245.481057069774,9.909968090063202e-10,590247.1344280166,205526570.16,0.524565820433923,1.6789523425076058e-15
69,41583.0,4.6652064,3448415187611321.5,15834.042127452902,3.910485720703866e-10,289054.27100100904,67745562.15,0.524565820433923,1.3528551946877185e-15
70,136269.0,0.7813232,2504780447619740.0,901.3669097409086,1.8717873198197584e-11,60006.106061961145,3924314.4,0.524565820433923,3.119328086190074e-16
71,376808.0,1.2702712,1884953136686540.8,117.76145456735901,1.0830841225298852e-12,1607.1865709134372,2094340.0999999999,0.524565820433923,6.739006796916672e-16
72,198859.0,14.20614,1.2254257489142786e+16,165276.0958323836,3.9621075284873704e-09,3417725.423919191,1002918451.54,0.524565820433923,1.15928198934832e-15
73,257288.0,3.1551335,1810700628969117.0,46227.16497959284,1.00795455073996e-09,578455.3772438249,188271999.69,0.524565820433923,1.742493181656598e-15
74,205796.0,1.2508925,3072348886722688.5,1158.2215036606733,4.064410172059147e-11,99827.01205187729,4979626.6,0.524565820433923,4.071453295573935e-16
75,286861.0,2.2139938,1091774590076071.5,19743.993439032438,4.4478397537417165e-10,219333.87635798336,108986399.83,0.524565820433923,2.0278854446005523e-15
76,4.0,2.3923104,3690806186414470.0,6057.492367686501,2.299524002929003e-10,354765.7283862048,24497225.12,0.524565820433923,6.481809878844038e-16
77,20167.0,14.706241,3695871527939673.5,135746.13470194256,3.6454387873068446e-09,916146.6496336011,631237922.55,0.524565820433923,3.979099622058087e-15
78,334967.0,3.7285495,2499445144972624.0,59590.00521456329,1.2611064695986106e-09,845386.776474823,253473098.60999998,0.524565820433923,1.4917508821906305e-15
79,274149.0,12.180361,5117983891481579.0,111560.74607404917,2.800311307713075e-09,1176643.9569409504,750117140.99,0.524565820433923,2.379913899352655e-15
80,304308.0,2.6798031,4360898760488353.5,16009.140246796878,3.185775810093451e-10,518427.85693584394,54360902.99,0.524565820433923,6.145070654426069e-16
81,151784.0,10.598454,3728013126277309.5,94180.36149429236,2.2584510203997398e-09,794411.6235353395,469741237.28,0.524565820433923,2.842922929990679e-15
82,147286.0,3.710951,3945342862110659.0,7374.737693269204,1.497683109220979e-10,159228.0082563388,41379892.71,0.524565820433923,9.405902426474374e-16
83,206153.0,0.8077102,960533678234904.6,144.0709329984778,2.1084640515178744e-12,2507.397740960227,963390.56,0.524565820433923,8.408973243751995e-16
84,290378.0,23.816515,5392278680592627.0,227831.86673929845,5.318671336259352e-09,1204196.2501898538,683566058.44,0.524565820433923,4.416781181157813e-15
85,347302.0,0.61599344,657388432428464.6,10339.820629107817,2.4534013697611973e-10,261827.0870847523,48520893.14,0.524565820433923,9.370311517719486e-16
86,146632.0,16.63179,6160582856224615.0,242425.86040924033,5.496173764900994e-09,2035838.2273273391,1104050187.23,0.524565820433923,2.699710463790831e-15
87,261826.0,0.3500581,1668462190218804.2,368.9666270843765,2.452171901475389e-11,116876.4871182423,3220427.2,0.524565820433923,2.098088299825919e-16
88,277589.0,15.04915,1.6315407099522748e+16,355254.9909646739,7.751885976534662e-09,8404140.798400205,1246598799.79,0.524565820433923,9.22388875018645e-16
89,251760.0,20.049053,1.220476245201071e+16,197192.599358034,5.019129155452914e-09,3055370.199194144,1162590064.07,0.524565820433923,1.6427237382811134e-15
90,273476.0,4.1135693,4277367919998847.0,29578.90610851231,5.760847781350199e-10,599023.9544996574,226672772.5,0.524565820433923,9.617057444993202e-16
91,308157.0,4.8066974,3901017201859799.0,43426.27699024913,1.002443114462785e-09,813562.3085832772,210562752.02,0.524565820433923,1.23216513828968e-15
92,242053.0,1.2009021,820212678983670.8,34018.37237721467,7.314528590663385e-10,499580.1981569246,95553626.2,0.524565820433923,1.4641350112851744e-15
93,126752.0,20.079876,6317556349793227.0,128988.52734034332,3.343678724126606e-09,1051992.4901565406,503219670.29,0.524565820433923,3.178424518628506e-15
94,270531.0,0.5847544,363128034669916.9,2878.6824252524243,7.21293880471407e-11,44791.8013502797,9969909.0,0.524565820433923,1.6103256817710078e-15
95,297677.0,1.1550031,1059219209002069.8,3251.7597032475915,4.182113784204546e-11,38352.929567563864,18893130.0,0.524565820433923,1.0904287707245905e-15
96,97105.0,0.64040154,235172827952421.12,15224.291111132698,4.714365393602281e-10,173124.29348850052,55182081.6,0.524565820433923,2.7231102571491065e-15
97,145212.0,6.2095265,4455196011916161.5,45614.45886628593,9.442364532724325e-10,677468.4802335899,227341750.2,0.524565820433923,1.3937717854369572e-15
98,272768.0,3.88899,3182163334632091.5,8401.847179396596,2.9869303406663453e-10,244405.36522769628,88782281.01,0.524565820433923,1.2221214284242984e-15
99,186718.0,4.7630157,2567353646537672.5,27840.592584517133,6.77740457730784e-10,365314.6546548733,95487075.13,0.524565820433923,1.8552238435960673e-15
100,295928.0,10.332214,6645858260732158.0,60445.63494802355,1.393141640675882e-09,896092.7329859565,457026024.16,0.524565820433923,1.5546846764772448e-15
101,237673.0,0.24526532,2367565847289277.0,3332.5116820975036,6.654533698589843e-11,642367.4865413874,10812155.6,0.524565820433923,1.0359387481485016e-16
102,111428.0,17.417774,4804162347915961.0,100561.75827207742,2.1486619888240646e-09,592642.9534053431,467486377.87,0.524565820433923,3.625558992101049e-15
103,115650.0,6.7807894,2599849259187917.5,34737.52476413987,9.65566533755943e-10,370211.68029227306,142235014.18,0.524565820433923,2.6081471362374412e-15
104,353213.0,0.7580676,617001162430480.8,3324.9535665913763,6.936907241410456e-11,56460.39788038258,13200543.84,0.524565820433923,1.2286323692062957e-15
105,271478.0,0.17015423,225308937347231.8,4783.925996868846,1.3628405766004047e-10,180459.90516223188,11878333.7,0.524565820433923,7.552040855697132e-16
106,7313.0,98.4084,1.5852836736457132e+16,1412768.3738640037,3.3529862967928675e-08,5401403.167070629,7662002092.99,0.524565820433923,6.2076208590282105e-15
107,258722.0,9.193267,6080684456165414.0,75907.92447453074,1.8641987487891782e-09,1233033.3008891584,859783784.71,0.524565820433923,1.5118802934558842e-15
108,245745.0,7.497089,4381523042725627.5,41401.46592553482,8.823490505724025e-10,515671.1754135588,212717941.3,0.524565820433923,1.711069170900962e-15
109,244813.0,5.5988793,5192952654914846.0,27656.883705887205,7.816750389609681e-10,725002.4962768933,126567780.88,0.524565820433923,1.0781687552458169e-15
110,242356.0,0.4449752,2234124518815524.8,1198.3411912990805,2.407575403915656e-11,120879.16901402948,4326838.4,0.524565820433923,1.9917206773949843e-16
111,130380.0,0.55577195,304862818529148.0,1168.283880274916,2.7551527072124163e-11,15113.098453403229,5909087.5,0.524565820433923,1.823023065526315e-15
112,128054.0,5.861415,7147026321408417.0,52002.94046683868,1.2821514114332594e-09,1563371.6236684243,241609181.17,0.524565820433923,8.201194086053023e-16
113,240574.0,5.0351377,3595732526177938.5,12530.102248242762,2.453265122882003e-10,175194.51747436292,71114368.33,0.524565820433923,1.4003093009123425e-15
114,281495.0,0.35802868,373558839050250.44,4559.4817682004805,1.4578453364134457e-10,152108.20858972208,13803174.85,0.524565820433923,9.58426471477064e-16
115,280697.0,1.2296096,2404157353242206.0,1438.4590269516634,5.151646483618661e-11,100726.02535712275,7422372.9,0.524565820433923,5.11451381641792e-16
116,359468.0,16.411123,6535083600260656.0,104930.0424157559,2.54028102252398e-09,1011566.9019329045,533797506.34,0.524565820433923,2.5112338271151468e-15
117,0.0,46.10936,6546056983873843.0,418634.01775276056,1.1166814053424636e-08,1585331.072086902,3269386113.75,0.524565820433923,7.043837246389701e-15
118,336124.0,6.185656,8605702663497413.0,38699.43728191862,1.2372727182869105e-09,1721337.4179285674,612143217.74,0.524565820433923,7.187856984924121e-16
119,231004.0,4.0538745,1780963443102537.8,9531.456921666517,2.0887847317925603e-10,91765.27906409754,30206569.44,0.524565820433923,2.2762255540394048e-15
120,348900.0,2.7657795,3081804365451209.0,1200.1784871614555,2.0281906083793517e-11,22599.367270133534,9036846.46,0.524565820433923,8.9745459867796e-16
121,311778.0,10.338844,8058109548554267.0,149379.3140383412,3.4231653209256003e-09,2668019.8636163203,765532725.57,0.524565820433923,1.2830359202370148e-15
122,302850.0,5.4197283,5010572935444818.0,101549.67257499332,2.2568471337373935e-09,2086469.384035505,623551805.84,0.524565820433923,1.0816583991145634e-15
123,157291.0,4.455884,7178177458681398.0,37520.47060577745,9.155095096054611e-10,1474834.1126156743,169510412.22,0.524565820433923,6.207542270511835e-16
124,319858.0,18.28342,9168861958671696.0,221175.6898609618,5.4345384317569084e-09,2725339.8264589044,1957848611.35,0.524565820433923,1.9940773546828203e-15
125,182285.0,1.553609,3237499647018158.0,21962.358507553796,4.3011490903548505e-10,896298.1459167846,74286075.76,0.524565820433923,4.798792801200532e-16
126,14373.0,10.114199,4790721612552237.0,107619.87455925735,2.461978878281998e-09,1166148.2458307063,429522037.82,0.524565820433923,2.1112057468544288e-15
127,133876.0,1.0799903,986326600206358.9,6356.6402798631825,2.0938741843508812e-10,191227.99579872776,29888831.95,0.524565820433923,1.0949621553084392e-15
128,282983.0,3.9066248,3009273136871383.0,51090.343167997875,1.2898035782496811e-09,993535.71396653,216574488.71,0.524565820433923,1.2981954851933302e-15
129,210264.0,0.47630602,1236418753016078.0,820.3919941359961,7.199485346813702e-12,18688.78057611979,1722394.1,0.524565820433923,3.852303427444102e-16
130,325825.0,0.8484218,745311013923763.9,11915.333920391013,2.708529273625918e-10,237935.5055667274,50300282.65,0.524565820433923,1.138345984629154e-15
131,322951.0,9.628197,4489005606028627.5,65359.500869829804,1.7543205171849382e-09,817926.2053335872,527950386.34,0.524565820433923,2.1448396025769183e-15
132,219938.0,1.6438661,1890575711630027.2,433.2510800615129,2.931790333333629e-11,33717.90193734308,8781143.2,0.524565820433923,8.695055637749002e-16
133,272946.0,1.1661748,803506905362639.2,6684.433093884043,1.3827301019954514e-10,95271.58237394014,20902302.29,0.524565820433923,1.451356288560683e-15
134,340425.0,2.6516259,2798729358887773.5,6542.540486977665,1.3452880768842682e-10,141992.0222131513,39560572.839999996,0.524565820433923,9.47439198284527e-16
135,91912.0,2.799541,2237802071534770.0,15729.453790053467,5.015171900845708e-10,400885.79052121384,57439312.54,0.524565820433923,1.2510226152753394e-15
136,147999.0,3.8920653,1738757279414510.8,18312.78885613362,3.690077607776367e-10,164852.04660172688,101973517.52,0.524565820433923,2.2384178321373123e-15
137,116925.0,8.521305,1980992237850508.5,82291.94776530677,1.711629469081833e-09,397911.4340265133,359870876.34,0.524565820433923,4.301533765344841e-15
138,289937.0,2.2490819,2031425703541230.0,21187.875922916795,4.3301268863590175e-10,391107.6362556945,115158142.35,0.524565820433923,1.1071445517694034e-15
139,41582.0,1.9178603,2642494278844680.5,27269.228427101167,6.674027773820747e-10,919570.6386524515,114387176.74,0.524565820433923,7.257765193113318e-16
140,319797.0,2.5377376,1826150987614088.0,69581.83008658333,1.6223351812989023e-09,1167429.206853408,293261862.96,0.524565820433923,1.389664719517863e-15
141,256625.0,2.5173562,2600354410882508.5,3995.1240881400754,9.940069863199006e-11,102677.97824260956,18906392.8,0.524565820433923,9.680819620067326e-16
142,136268.0,1.991806,1475866163522649.0,871.067791148502,1.653581226353916e-11,12252.521483578375,5948811.1,0.524565820433923,1.3495844333512516e-15
143,310657.0,0.58855414,1073341409649404.0,6806.996195812711,1.5660621911028224e-10,285601.4911044442,23698257.8,0.524565820433923,5.483382404786238e-16
144,265976.0,0.13490175,156676442928010.56,270.39845024776884,1.856783519895004e-12,2156.489720737501,12859155.3,0.524565820433923,8.610212708363849e-16
145,315719.0,0.9661673,912246652235334.4,12575.834877507741,3.5154799580616754e-10,331928.52032377594,49803793.17,0.524565820433923,1.0591075315349642e-15
146,166381.0,9.564777,6474797707773586.0,36682.30458198364,8.299714595556991e-10,561842.4040465072,252108259.42,0.524565820433923,1.4772317888042449e-15
147,293942.0,15.157077,5245291928572566.0,272629.1977450975,6.378918538787866e-09,2207502.8004757054,1073076709.65,0.524565820433923,2.8896536563456418e-15
148,195561.0,18.949268,7029516287065146.0,204242.19600413542,5.042761775059414e-09,1870688.4102103412,859121051.06,0.524565820433923,2.6956716829674498e-15
149,208379.0,1.9317847,1521149489876441.5,7311.231333715514,2.1790796997237737e-10,171587.75373026443,32722124.8,0.524565820433923,1.269950595162684e-15
150,291978.0,2.8120978,1862495317052275.8,81604.02836062796,1.8634057758438195e-09,1234162.1017865296,418810021.59,0.524565820433923,1.5098549640654325e-15
151,248500.0,0.35327515,1691517844859576.5,1371.4424291274763,2.337483905265548e-11,111921.13959413015,7221791.4,0.524565820433923,2.0885097433265775e-16
152,241039.0,7.161403,5157284748565403.0,27700.661158225645,6.246792424595428e-10,449862.78943972156,148278305.44,0.524565820433923,1.3885994954984946e-15
153,274148.0,1.6478909,6055840219550707.0,14822.95403306337,3.3031710652362133e-10,1213883.527660333,79553604.9,0.524565820433923,2.7211598064954556e-16
154,194528.0,5.5957956,6441019476155720.0,29645.0229355079,7.302870804224847e-10,840594.1968620374,262819042.79,0.524565820433923,8.687748299341913e-16
155,331406.0,3.6826818,3432049330480448.5,8496.596032020321,1.6150973436968264e-10,150517.8578582446,71841662.06,0.524565820433923,1.0730270591665609e-15
156,316547.0,5.72773,3572924715993886.5,34643.42277059178,8.483673381199533e-10,529206.6194828883,187846911.19,0.524565820433923,1.6030928315842525e-15
157,284324.0,14.69118,7326421179133106.0,321766.41648048756,7.50013885775922e-09,3740283.365524508,1280716837.4,0.524565820433923,2.005232792491234e-15
158,340391.0,0.109433696,139588555421334.69,9886.069441890013,2.3796303639630765e-10,303534.6306336494,52878666.06,0.524565820433923,7.839732682216308e-16
159,345022.0,0.2655592,1380881757687702.8,835.7198115347444,2.8815052038188674e-11,149835.44048316384,2187830.9000000004,0.524565820433923,1.9231132464569663e-16
160,236121.0,1.8587004,3940870291553693.0,4452.475646814053,1.3300755396256213e-10,282006.45890176046,14187005.0,0.524565820433923,4.716471902116842e-16
161,161323.0,8.45316,5421262040782588.0,34321.62328755937,8.743388588216296e-10,560739.4236132839,162786264.92,0.524565820433923,1.559260544207109e-15
162,275264.0,13.288054,1.154811199366685e+16,151161.64377157678,3.974919697024378e-09,3454442.450871273,903070174.02,0.524565820433923,1.1506689584658825e-15
163,188757.0,2.3491807,974339355737389.8,24467.66341314768,6.000437482415902e-10,248872.4000993025,126424225.53,0.524565820433923,2.4110497909859306e-15
164,248952.0,6.125763,4843620167565382.0,7901.783699807049,1.7943255314390002e-10,141876.7152966155,53863415.14,0.524565820433923,1.2647075509802165e-15
165,217590.0,12.644454,7108324496274650.0,116313.89782386497,2.747165104286953e-09,1544372.0231900762,481195270.14,0.524565820433923,1.778823407207527e-15
166,344858.0,0.38618517,1819965776567881.2,2171.911048041728,4.874423049566905e-11,229715.78972660736,9960863.3,0.524565820433923,2.1219364395317028e-16
167,272338.0,14.232421,8375730413749961.0,114515.50956223895,2.4540298370951218e-09,1444188.0508458451,730869889.97,0.524565820433923,1.6992453549645585e-15
168,349678.0,2.2076318,3274953137801613.0,31143.507226195656,7.260342820185937e-10,1077049.284236771,198154631.46,0.524565820433923,6.740956914827561e-16
169,91914.0,4.8198895,4189090428580946.5,12394.911874430316,2.972155498176487e-10,258317.70935133172,59855195.75,0.524565820433923,1.1505813928282129e-15
170,202163.0,1.8187084,1436364001766401.0,19144.44174765065,3.951162850392345e-10,312051.56821293,105907530.61,0.524565820433923,1.2661890702937433e-15
171,349098.0,6.5161433,4493316797475608.5,58346.12323940826,1.2862874989197149e-09,886981.2954050356,307025680.95,0.524565820433923,1.4501855964531226e-15
172,84850.0,1.3558623,1878053745316728.8,18119.776509008556,3.8459890619001515e-10,532721.8082653933,608687402.32,0.524565820433923,7.219507446903962e-16
173,56930.0,5.4592853,3884536437890333.5,27176.286689079014,7.666719900882448e-10,545522.9242933473,74999879.3,0.524565820433923,1.405389133887209e-15
174,222728.0,0.7654425,783044928088490.9,5613.100628216234,1.1980821008988575e-10,122563.36857993304,16720566.5,0.524565820433923,9.775205387876522e-16
175,70240.0,0.40229374,1179833550863995.5,4700.911714169709,9.352065351367508e-11,274274.2273696843,51084944.72,0.524565820433923,3.40974995757155e-16
176,97106.0,1.0887064,763447694598994.2,15690.19953785791,4.558541963935659e-10,319664.5443711409,56018706.05,0.524565820433923,1.4260392790521818e-15
177,299841.0,0.7398863,1397096480339284.8,38.455274143319365,2.443246920468805e-13,461.3481386514068,1364703.9,0.524565820433923,5.295885505490062e-16
178,330750.0,2.9861252,1562808034237631.8,191392.562991374,4.2211982186845225e-09,2209191.5269559864,1059698692.99,0.524565820433923,1.91074344038466e-15
179,355985.0,0.34391692,642083101715369.6,526.7995656144542,6.773331550068077e-12,12645.617233994428,3314823.86,0.524565820433923,5.356268045073949e-16
180,351049.0,7.2384243,4144931991954319.5,59908.250606239264,1.4368013915267924e-09,822754.2082361607,473008383.95,0.524565820433923,1.746331258040041e-15
181,266766.0,1.9529784,2229739130044779.5,9688.306615627627,2.2035739265570002e-10,251584.70825845102,242733836.69,0.524565820433923,8.758775292070954e-16
182,245995.0,2.806925,2121804365866827.5,81931.6925867391,2.0441415901834424e-09,1545202.8645229875,256228530.10999998,0.524565820433923,1.3228952891013956e-15
183,311387.0,3.7161458,3660096246098725.0,3833.150985405446,5.82694989312751e-11,57390.63690676875,22968881.12,0.524565820433923,1.0153136830653068e-15
184,350066.0,0.6495319,958196393235036.0,2521.3245108694873,9.221394024529265e-11,136034.98911913417,6537606.3100000005,0.524565820433923,6.778692808549075e-16
185,164217.0,0.29532272,834434600985866.6,1275.2732010970983,5.0438131566619743e-11,142512.9843997949,4139915.4000000004,0.524565820433923,3.539195518151842e-16
186,159475.0,12.452124,3630243284183830.5,119245.29779778708,2.7979209063335247e-09,815694.8629723584,412976889.54,0.524565820433923,3.430107302794597e-15
187,218925.0,7.830444,8180950650515109.0,51322.94375143155,1.272008925593099e-09,1328946.6404832073,188516585.68,0.524565820433923,9.571557554264138e-16
188,228757.0,6.9357157,3632699651845038.5,11706.30534763114,2.4463899456564236e-10,128133.85508092976,64264471.18,0.524565820433923,1.909245565203104e-15
189,86942.0,13.181685,4780134100657589.0,52896.11773343203,1.3500574818044225e-09,489577.45588832017,219178586.14,0.524565820433923,2.7575973230932236e-15
190,118068.0,5.9814525,4189833172776469.0,25822.27824496627,6.186428282550491e-10,433341.2735323503,102840206.06,0.524565820433923,1.4276111370888502e-15
191,367936.0,5.3318577,5309073820056229.0,31034.656480074842,9.943046235041067e-10,990055.800965303,300409810.86,0.524565820433923,1.0042914980495656e-15
192,121812.0,16.966488,5317382629376222.0,76640.86728815589,1.9964901552455134e-09,625710.0509677153,435289401.82,0.524565820433923,3.1907592856431933e-15
193,151783.0,0.8821847,812378939114994.9,254.45921930807543,2.673935003455555e-11,24623.51116914263,992507.75,0.524565820433923,1.085927585667166e-15
194,343755.0,6.072527,2755815288384620.5,116309.453172829,2.8863113290492453e-09,1309856.817043653,494922874.28,0.524565820433923,2.2035319368445554e-15
195,239577.0,0.147598,331899887007298.06,2609.321743512962,9.802200909530693e-11,220419.61099039766,7480172.92,0.524565820433923,4.447063882150538e-16
196,259726.0,1.2080188,1884451123200507.5,1713.7094131379192,4.6173961511636075e-11,72029.15520289884,8075757.9,0.524565820433923,6.410454403021763e-16
197,176291.0,2.559583,3933622717846242.0,7437.837156197552,1.5061427428347775e-10,231467.28625460208,28680227.75,0.524565820433923,6.506935676336129e-16
198,231679.0,10.2702465,1.0261025431799908e+16,162609.6876631334,3.784141697330176e-09,3780744.1324645327,982579845.74,0.524565820433923,1.000898649775442e-15
199,181647.0,1.9414101,2440510326321086.0,10612.745513504404,2.435653722666754e-10,306181.4740487138,38649236.88,0.524565820433923,7.954934994790831e-16
200,348663.0,0.32545444,561469479168180.56,890.551269083804,1.3352455303007262e-11,23035.470416676133,4407438.0,0.524565820433923,5.796476069939939e-16
201,148801.0,0.37924686,243962888363166.94,13886.595114112804,3.774555693064302e-10,242810.58231242906,42133870.38,0.524565820433923,1.5545268485075781e-15
202,189607.0,4.2825336,1379674187662266.0,9009.185563013334,2.0836441592463824e-10,67127.32067730837,43978046.75,0.524565820433923,3.1040180633199845e-15
203,303452.0,0.3888829,311924513735233.6,428.25937860657746,5.750937037179328e-12,4612.849366336517,2041521.7999999998,0.524565820433923,1.246721186941049e-15
204,197226.0,3.6797683,4681694907913548.0,18364.085055434367,3.9532605446833e-10,502965.35685954307,75743232.82,0.524565820433923,7.859906235624252e-16
205,271783.0,1.0878298,664298458161362.1,26784.862695523967,5.860304912086011e-10,357867.7029673387,124449805.28,0.524565820433923,1.637561831787e-15
206,287964.0,3.2355075,5424532007990761.0,7324.302819888463,1.8330820894712535e-10,307327.75206397753,29553806.48,0.524565820433923,5.964583664054049e-16
207,268856.0,5.712796,4242902637698093.0,7888.516117593301,1.8047045443194396e-10,134035.69235377363,48632358.44,0.524565820433923,1.3464357982768537e-15
208,263657.0,1.7979001,3045970773960674.0,2117.848496881873,6.242442941033436e-11,105758.37198354326,5493462.3100000005,0.524565820433923,5.902552038154297e-16
209,81219.0,0.1328728,212920797899219.53,2255.383369296934,6.824938446740901e-11,109365.59925681798,10256383.65,0.524565820433923,6.240480089826258e-16
210,271629.0,2.1161222,4874125234994075.0,25494.98384930948,5.881966161178355e-10,1354810.2135869395,125908098.2,0.524565820433923,4.3415425291233255e-16
211,311300.0,1.5470332,1199134048701053.0,6584.318355198125,1.8779930411368664e-10,145566.71433107278,14650947.6,0.524565820433923,1.290125321414903e-15
212,83722.0,24.011091,7121539018424166.0,174755.06710949502,3.645710482962891e-09,1081294.8672052526,1318597426.46,0.524565820433923,3.371615452485874e-15
213,386030.0,7.328632,4456563786298489.0,129538.61879758805,3.147732520489942e-09,1914145.881491872,462349279.73,0.524565820433923,1.6444580065321985e-15
214,249530.0,5.284996,2958311140131229.5,114662.77243682482,2.639305826302796e-09,1477368.7299223733,561113283.58,0.524565820433923,1.7864909232520954e-15
215,372070.0,1.7664566,2085831698973160.8,3540.8556958856425,6.716017437184898e-11,79302.72422960603,19553648.21,0.524565820433923,8.468835720876297e-16
216,352312.0,12.381469,1.1873064416064852e+16,106000.63380340731,2.6255545568502583e-09,2517744.7346010176,759770152.8,0.524565820433923,1.0428199971059914e-15
217,243467.0,0.35241428,3602406231799861.5,563.4610161997318,8.245195258010788e-12,84283.0284285436,1207039.4,0.524565820433923,9.782746789884497e-17
218,312995.0,0.18544546,156620062478569.78,6520.584040423663,1.4196951237910924e-10,119901.95876926927,24373417.28,0.524565820433923,1.1840466480810809e-15
219,48223.0,5.9464164,4119627938492606.0,4125.553738259809,1.1354151480628474e-10,78660.61928908013,21337319.6,0.524565820433923,1.4434353026006096e-15
220,240021.0,3.5946722,2441520999019595.5,12862.688833676308,3.0023756419369334e-10,203922.9940558686,48200701.11,0.524565820433923,1.4723085328545026e-15
221,126754.0,0.66028696,2400980192745562.0,2688.0896830090915,7.27230183633633e-11,264440.367938066,5324647.600000001,0.524565820433923,2.7500724995359102e-16
222,88614.0,16.06649,7528557162694871.0,181722.45450503062,4.090414354872914e-09,1916717.2350506173,824404777.53,0.524565820433923,2.134072924306382e-15
223,194805.0,0.22901176,220901713355193.47,3929.6875993734384,9.979890185598914e-11,96264.70016629188,13222259.3,0.524565820433923,1.036713371397741e-15
224,327703.0,5.3142953,3021797001416988.5,89378.27012675814,2.242404532012821e-09,1275068.6418950425,492585316.24,0.524565820433923,1.7586539722913246e-15
225,376609.0,3.9924068,3605743401781132.5,13332.5317419738,4.577793071871874e-10,413443.5189225054,120413803.08,0.524565820433923,1.107235417258995e-15
226,185175.0,4.445601,5236107578070879.0,24705.774058528306,5.358472489589934e-10,631130.3783138924,140819483.87,0.524565820433923,8.4902781956169765e-16
227,108832.0,12.400912,1729875674318419.0,50796.93843679542,1.2691653597174637e-09,177043.29185327873,233577917.82,0.524565820433923,7.168672398891343e-15
228,297574.0,6.542631,3548256887720390.5,23189.893574640362,5.296911446934277e-10,287266.7360459352,165117681.38,0.524565820433923,1.8439000351531402e-15
229,7315.0,57.20197,1.8176247137153812e+16,849234.2548005251,2.1859935034586047e-08,6946117.093358199,4051256127.06,0.524565820433923,3.1470726365221047e-15
230,212523.0,0.42915633,978691772312583.8,3909.234313810758,8.207766180539096e-11,187178.25343410627,6621874.95,0.524565820433923,4.384999875762029e-16
231,233577.0,0.35501343,2126471164618559.2,110.26923040979588,9.246058270215348e-13,5538.234510732704,2361511.0,0.524565820433923,1.6694956221693295e-16
232,162784.0,2.5723622,1420439535984970.0,7130.7464543496835,2.566202263176614e-10,141703.8064060407,28729967.8,0.524565820433923,1.810962124632962e-15
233,318840.0,3.7104166,4981049061054266.0,23812.487884891805,5.47300954200117e-10,734724.2096837851,106608095.96,0.524565820433923,7.4490665611205e-16
234,137113.0,0.66403705,2136285438453264.8,443.2104044678557,8.243982682994521e-12,26521.863743208414,7548149.4,0.524565820433923,3.1083723085281287e-16
235,354102.0,4.24726,3873964507881473.0,24599.24537944323,8.262590427665134e-10,753638.3941632,167326824.31,0.524565820433923,1.0963600702482089e-15
236,153090.0,6.7912316,1241787678738861.2,48905.591190934116,1.2783988673157418e-09,233757.29991985616,174065235.72,0.524565820433923,5.468915271326464e-15
237,302750.0,9.51144,4987179109513807.0,137956.19006815777,3.6242341861511665e-09,1900312.1526455374,633034265.12,0.524565820433923,1.907178344939622e-15
238,100194.0,0.18415853,7909547482321610.0,664.4522535721024,2.7982200271527952e-11,1201826.1750215045,849746.6,0.524565820433923,2.328306776229704e-17
239,265343.0,30.718624,6657172256324075.0,460061.63913207524,1.0689083775128885e-08,2316479.7991378726,2353709529.64,0.524565820433923,4.614365201504048e-15
240,316117.0,5.9490666,4233531890760710.0,36054.42447011691,1.1077194216300306e-09,788285.9300122381,482421872.53000003,0.524565820433923,1.4052254130843529e-15
241,196772.0,1.1610761,1208971138282244.2,1193.9021210466685,3.345878584874664e-11,34838.97947180299,6637539.3,0.524565820433923,9.603836379830412e-16
242,227854.0,15.3612175,5000326153323079.0,109336.31226316064,2.6866346206396416e-09,874543.2683319293,622053271.63,0.524565820433923,3.0720431085862985e-15
243,216039.0,0.49255443,1876008787149259.0,1341.305289488157,2.14274673270604e-11,81611.52259237411,11114034.2,0.524565820433923,2.6255443651118217e-16
244,190057.0,11.96465,4296385209566207.0,90946.85135567548,1.9927699381483575e-09,715583.5973746636,580548411.02,0.524565820433923,2.784817798310975e-15
245,128052.0,4.4448247,1965964451262621.8,17795.023926755046,4.99722128926914e-10,221029.1760166806,67911224.86,0.524565820433923,2.2608876254834384e-15
246,179213.0,10.415443,9900806345570656.0,118730.6187399227,2.723630091745477e-09,2589053.014388424,611552961.96,0.524565820433923,1.0519792667856369e-15
247,303757.0,0.3622989,368116737958488.9,3930.113323732063,8.177770628716805e-11,83090.90222509566,14146156.04,0.524565820433923,9.841956712135569e-16
248,351760.0,5.603874,4578286128845716.0,30600.02770432933,8.671224511013564e-10,708426.8293484182,438905717.46,0.524565820433923,1.2240113095362296e-15
249,329757.0,23.77869,1.43034415241287e+16,389312.0442353124,8.741712642444451e-09,5258345.83830904,2532292096.7,0.524565820433923,1.6624453604321278e-15
250,317710.0,3.286398,3342106328281066.5,8033.027278089336,2.0699733340126517e-10,210506.182725791,78551912.59,0.524565820433923,9.833313716533612e-16
251,316288.0,19.157537,1.171836030920154e+16,283067.0757749081,6.833704555734507e-09,4180068.2535927757,1493753422.68,0.524565820433923,1.6348308547021753e-15
252,207267.0,30.113665,1.0355371699938314e+16,217851.4859144641,5.856891239801574e-09,2014045.3111322662,809774542.83,0.524565820433923,2.908023571976599e-15
253,267465.0,0.3749506,464551548798511.94,5878.361864817623,1.8456580552496983e-10,228671.0057588111,33079304.84,0.524565820433923,8.071237755417017e-16
254,14374.0,1.02982,1301757511116875.0,13033.254420803914,4.043645856944756e-10,511142.371149761,41644821.74,0.524565820433923,7.910997180392225e-16
255,230035.0,13.738543,9315014583568266.0,185786.7142218724,4.653586312881126e-09,3155227.1860546903,1291520703.15,0.524565820433923,1.474881534188348e-15
256,293511.0,3.4950566,6528583018762374.0,28240.80068089557,6.796333208720341e-10,1269519.5143993497,135614635.78,0.524565820433923,5.353468876715853e-16
257,278888.0,2.2453413,1404278122461532.0,16140.705356676228,3.099024622133544e-10,193818.75164509518,81195687.59,0.524565820433923,1.598929203614014e-15
258,258443.0,2.5172582,2120699392601830.2,7210.6884431012995,1.9447743426580528e-10,163840.23566682814,35922174.79,0.524565820433923,1.1869943513831266e-15
259,260823.0,7.9553123,2439930576693575.5,106319.33341334407,2.2299453762594436e-09,683934.4205119234,546338007.14,0.524565820433923,3.2604666608098688e-15
260,248736.0,2.0873656,2902199214122692.0,173.37997142921193,1.5329502270355438e-12,2131.3597120656573,3294992.0,0.524565820433923,7.192358091210466e-16
261,242536.0,20.213785,1.0811346209789196e+16,274289.54030721454,6.473983305122919e-09,3462611.028467909,1840070284.23,0.524565820433923,1.869682517584842e-15
262,114402.0,41.401905,5911460355981069.0,383187.7337366423,9.243810116469852e-09,1319852.7227606624,1536560015.85,0.524565820433923,7.0036678767727125e-15
263,244327.0,0.7661128,448412767311226.75,44419.973176650834,9.468609063552715e-10,554206.2725979564,258255265.53,0.524565820433923,1.7084990790823522e-15
264,252408.0,4.1576858,1252200732977259.2,121754.24779981952,3.045617738700072e-09,917271.0368755554,497657196.64,0.524565820433923,3.3203029598254564e-15
265,56931.0,10.744529,5729989648148985.0,64802.57926370939,1.5042955896901384e-09,802231.3641371033,412215663.83,0.524565820433923,1.875139338771914e-15
266,321545.0,2.1585064,1041642542651333.6,91865.917802094,2.086901747241772e-09,1007087.8836682766,508770741.06,0.524565820433923,2.072214134520532e-15
267,91915.0,9.958928,1.0794267225966766e+16,76100.65121620316,2.1221382732714495e-09,2300139.895794378,1025861484.94,0.524565820433923,9.226126972327248e-16
268,317325.0,15.7938595,7249267871144984.0,232785.4695135672,5.384425523168432e-09,2471412.57332813,1169146526.44,0.524565820433923,2.1786833899276842e-15
269,160020.0,9.968419,4959266542119795.0,14647.454574992516,2.978142911687166e-10,148161.9552667418,109224570.57000001,0.524565820433923,2.01005913179635e-15
270,273623.0,0.5739933,5758862160403019.0,806.9358201125701,2.863427073639368e-11,287287.00881099666,8042586.0,0.524565820433923,9.967130381183331e-17
271,106199.0,0.6037936,603651826917368.2,2033.6038983405613,4.334125498711468e-11,43331.078292090664,6978698.9,0.524565820433923,1.0002348590301726e-15
272,86943.0,15.562849,5537161646502565.0,125192.21162354042,2.731200599538063e-09,971743.6189650735,601161314.87,0.524565820433923,2.810618507016127e-15
273,104940.0,9.73146,6355606240232308.0,67171.09742724561,1.7344339736443509e-09,1132756.9949591279,339423846.9,0.524565820433923,1.5311615654220105e-15
274,115652.0,5.5597477,2895818529450432.0,48685.784377200944,1.235396168939044e-09,643461.4141259971,186125852.99,0.524565820433923,1.9199226897187953e-15
275,315449.0,0.8805725,1243100080504017.5,2047.5786881059237,4.310601019553441e-11,60852.55302008163,15255862.95,0.524565820433923,7.083681465477583e-16
276,121813.0,2.4728422,1883212484710257.8,21668.036959925605,5.567054997339801e-10,423963.46495781024,87628501.86,0.524565820433923,1.313097815608662e-15
277,223732.0,2.5930994,4102541898008448.0,6664.991824237365,1.7076131418092287e-10,270161.4315233038,20923224.6,0.524565820433923,6.320713997482398e-16
278,352645.0,6.052124,6717460495515355.0,76633.79939410268,1.8631690350299318e-09,2067995.3664665546,410194791.61,0.524565820433923,9.009541632645938e-16
279,342601.0,6.084438,3961945863873804.5,24710.616456231943,6.141599193716823e-10,399916.69769857236,211846853.5,0.524565820433923,1.5357196208761222e-15
280,118069.0,0.2891022,197055366250794.7,5428.127294141571,1.0143881371224999e-10,69141.85567634406,26027564.3,0.524565820433923,1.467111530634777e-15
281,44801.0,12.806196,4744240917509148.0,52407.30418085446,1.5014711376119466e-09,556241.7448177122,170281400.48,0.524565820433923,2.69931401517518e-15
282,336012.0,2.266438,1306681468285124.0,13178.873422526074,2.9303038348991544e-10,168942.35436872998,96684211.94,0.524565820433923,1.7344992295440228e-15
283,338889.0,14.530105,1.9934271783328788e+16,190910.40925129733,4.689436776730446e-09,6433574.101362794,1646138243.55,0.524565820433923,7.28900717213641e-16
284,253359.0,6.276193,2418084854550240.5,51039.171497943295,1.1804692032887842e-09,454809.89856997674,235920476.58,0.524565820433923,2.595522232476561e-15
285,2.0,7.508417,9476375579559772.0,51365.25477141459,1.262793476289176e-09,1593772.0641693368,275487993.12,0.524565820433923,7.92330035567122e-16
286,231678.0,0.23516776,145700499764388.1,18349.659244431743,5.312689085005534e-10,329152.87996029557,60252484.37,0.524565820433923,1.6140490964704253e-15
287,221711.0,0.13655485,274686146548697.75,14388.151231737696,2.3778912234033737e-10,478323.38219304645,64166538.83,0.524565820433923,4.971304585824494e-16
288,351699.0,5.0398664,3502757429683868.0,21969.332840518946,6.389510527233882e-10,444077.3563226154,261331140.77,0.524565820433923,1.4388282663509644e-15
289,14371.0,16.818258,4213351617785712.5,51841.16806267706,1.6427351475037484e-09,411542.0747694779,188174741.71,0.524565820433923,3.991657835772719e-15
290,148800.0,1.4551126,1543172265825609.8,13961.340720838602,3.3399205130682515e-10,354204.3898066009,58782648.86,0.524565820433923,9.42935945794427e-16
291,169687.0,1.8345792,1888817606589282.5,3081.110751553743,5.118925286045275e-11,52702.637242902325,15795441.4,0.524565820433923,9.712844657948614e-16
292,140247.0,7.9810143,5378197409193005.0,33644.03908888922,7.651612706703364e-10,515622.22655509226,184268538.0,0.524565820433923,1.4839571129088669e-15
293,234151.0,0.7600695,1457645547319776.5,2738.233422799303,7.252373890828686e-11,139084.52463182167,9893650.41,0.524565820433923,5.214364365860865e-16
294,334105.0,0.6918722,1897719936700756.0,20809.162940332626,5.804162503302118e-10,1592010.0415029533,93835477.71,0.524565820433923,3.6458077223072283e-16
295,183665.0,3.908216,1804076691982685.8,15177.75488700748,4.0522818461316034e-10,187057.91153689031,67237228.92,0.524565820433923,2.1663247562412987e-15
296,271628.0,8.201607,3900067289789036.5,112957.74182077027,2.4935478981273757e-09,1185743.793016269,584412890.51,0.524565820433923,2.102939870158918e-15
297,309683.0,14.251042,1.5687661366508354e+16,164053.3349281695,4.074989323911756e-09,4485780.940485927,1329854792.76,0.524565820433923,9.084236118472446e-16
298,308481.0,5.887982,4442706371941114.5,58443.048628000986,1.4736210150568254e-09,1111903.1059230976,253420743.56,0.524565820433923,1.3253142357520722e-15
299,81218.0,3.5038266,4319324024999714.5,7426.017302464011,2.2147895230313467e-10,273027.0269980527,26428431.8,0.524565820433923,8.111979049777892e-16
300,376477.0,5.4028,3926764402861338.0,23282.309905133392,4.779868914259655e-10,347401.70102277125,127657658.76,0.524565820433923,1.3758910506734529e-15
301,300739.0,12.972716,7628602069216916.0,94890.11050057322,2.1352537020792707e-09,1255635.3511465914,622462237.94,0.524565820433923,1.7005364655665757e-15
302,184210.0,2.295886,3478221812408188.0,1720.3967013535078,7.760229795876159e-11,117565.9442381564,8494005.04,0.524565820433923,6.600746369336394e-16
303,249981.0,5.2670975,5058416270515693.0,34837.26880967848,1.0033057525753317e-09,963555.0021865079,154024537.76,0.524565820433923,1.0412542618725668e-15
304,214606.0,1.4842151,4257120839609221.5,4576.307648048785,1.4120375291087543e-10,405009.6506550291,22088990.9,0.524565820433923,3.4864293402022435e-16
305,48222.0,17.524004,4787959103716220.0,97993.00732205836,1.9718679402183547e-09,538759.4670541402,937083457.28,0.524565820433923,3.660015388685877e-15
306,108833.0,0.3445725,878486663095569.8,1395.3859463034528,3.781994245433026e-11,96421.84168838507,10063904.2,0.524565820433923,3.922341846213256e-16
307,185174.0,7.9481654,3619820932017227.0,136281.54220503572,3.295712793101806e-09,1500961.4865824103,529535781.49,0.524565820433923,2.1957344159482233e-15
308,306999.0,0.40768993,643061341060480.9,2200.9755204920593,5.5190534653634104e-11,87053.65675382488,12557108.7,0.524565820433923,6.33982956163518e-16
309,7314.0,15.738102,4254842806359608.0,40200.78887271986,9.435949161185597e-10,255103.69935107496,135421497.27,0.524565820433923,3.6988680231562605e-15
310,276158.0,6.836503,9735037743204488.0,85358.90342926343,2.4560456662612466e-09,3497357.8246198455,1135632584.56,0.524565820433923,7.02257472475872e-16
311,162785.0,0.7904812,729227795643794.0,1173.4828336723876,3.635217366429129e-11,33535.288970909765,5868389.0,0.524565820433923,1.0839976269721437e-15
312,221376.0,1.178176,573577637801906.8,8228.205537523656,1.852967716786526e-10,90209.00492945098,43256432.7,0.524565820433923,2.0540828692608475e-15
313,120375.0,4.740829,2373026378917846.5,27791.793775369784,8.79326026797767e-10,440147.4630829592,92568059.0,0.524565820433923,1.997798693734675e-15
314,369904.0,0.6653306,2479723065212614.0,2935.3025867744086,8.61328437451562e-11,321021.7586673721,46808611.86,0.524565820433923,2.683084290071536e-16
315,227855.0,1.5242546,986822461653750.9,41394.53506815176,8.229898411815347e-10,532814.4399175779,131565890.95,0.524565820433923,1.544608740913337e-15
316,372416.0,2.5122252,3490299343158428.5,21592.833639315046,5.049332411193114e-10,701516.7906991735,87803774.19,0.524565820433923,7.197735646727213e-16
317,346681.0,0.50637245,697009462375217.6,506.77543456632395,4.134576417461387e-12,5691.144701659845,1788230.6,0.524565820433923,7.264929349372406e-16
318,339317.0,4.4790287,4369503926791595.0,6699.5517829722285,1.9197576202038353e-10,187281.4179549407,25217737.0,0.524565820433923,1.0250657225724994e-15
319,325415.0,1.6039952,810224600209938.1,14706.302108424077,3.422835197573462e-10,172897.35527503217,62250883.19,0.524565820433923,1.9796920503085034e-15
320,216038.0,0.3263854,514765659971174.5,659.8870780614701,6.9202875604317564e-12,10914.47838425359,7904234.36,0.524565820433923,6.340465679437061e-16
321,60019.0,6.980253,2638312830140520.0,10404.424760987646,2.921747561203017e-10,110432.73183871264,33466159.25,0.524565820433923,2.6457260565375116e-15
322,192375.0,9.2335005,1.5399667509080476e+16,91113.78274483846,2.6320339433208703e-09,4389716.294460088,1061066037.97,0.524565820433923,5.995908999045226e-16
323,217180.0,1.7348017,3521322686153504.0,1487.0682446076312,3.440618302923187e-11,69838.110514178,12504606.85,0.524565820433923,4.926562699923989e-16
324,281156.0,0.1265545,735910089892072.5,15.927003104350804,7.126988763594553e-14,414.43195948596525,1189260.4,0.524565820433923,1.7197005685648403e-16
325,248327.0,0.45782462,359502958483127.75,1741.3309342033622,2.768517887210124e-11,21739.555445172384,7117965.0600000005,0.524565820433923,1.2734933307134013e-15
326,53997.0,1.1623169,1518559168890199.5,3724.7622854082865,9.050490705233495e-11,118244.04896279018,17969367.8,0.524565820433923,7.654077126605807e-16
327,308023.0,1.3917613,1202717474424631.0,9267.11949935537,2.0044149598100896e-10,173215.39966384604,48907800.56,0.524565820433923,1.1571805761496945e-15
328,65010.0,25.597206,2.7796040774746336e+16,606056.9636073951,1.5362013360302064e-08,16681631.180573152,3597546452.45,0.524565820433923,9.208939577918574e-16
329,334397.0,4.967638,2467566993161212.0,18091.57585388457,3.817745871401057e-10,189638.2888718288,83353543.02,0.524565820433923,2.013172494918136e-15
330,253732.0,16.729858,9855340917509866.0,195148.56444367388,4.435572246406308e-09,2612937.698131045,728052823.31,0.524565820433923,1.6975422910308725e-15
331,359318.0,9.371347,9224257042609738.0,91026.03831555112,2.5530585636908452e-09,2512986.4934379635,580554363.12,0.524565820433923,1.015945995076981e-15
332,308240.0,5.9665055,5368758190105363.0,30919.34896932422,7.134710193395698e-10,641992.7675390792,153684760.78,0.524565820433923,1.1113380950917638e-15
333,306868.0,2.977145,965438034432473.6,103031.46976521531,2.4087389008971636e-09,781113.4996593025,484770497.04,0.524565820433923,3.0837245828522752e-15
334,134921.0,0.46506387,1788865406919201.8,49.2113865823659,2.9261412267748895e-13,1125.5384806258364,2797050.1,0.524565820433923,2.599770045310098e-16
335,119301.0,6.231313,3281966288511567.0,72895.29162303905,1.7397479555910108e-09,916306.7463882196,336709151.9,0.524565820433923,1.8986523480794244e-15
336,209423.0,1.360525,2937384653780046.5,2868.498054071008,6.249246196800767e-11,134921.73885945423,13694467.84,0.524565820433923,4.631756342327092e-16
337,361998.0,5.9618163,3273114097628424.5,20880.89086102664,5.621882777648739e-10,308648.62063489837,187781256.01,0.524565820433923,1.8214508025613003e-15
338,339161.0,0.37081704,365792864558326.9,3940.1388807472285,5.751341061451389e-11,56734.16523469989,39210146.64,0.524565820433923,1.013735028559782e-15
339,340161.0,0.94373566,553113042794651.06,3749.8557227494207,8.657859895795394e-11,50742.76022433201,13586773.24,0.524565820433923,1.7062256482539168e-15
340,79241.0,2.130202,905980354714462.0,10683.399763279807,2.22649320365048e-10,94693.32497165061,55379425.24,0.524565820433923,2.3512673193353915e-15
341,214226.0,4.2318573,2883970928277378.0,12584.557138174247,3.1153208492771423e-10,212306.18436901618,65472872.699999996,0.524565820433923,1.4673716917554805e-15
342,163346.0,20.520285,6432414952479492.0,228531.66842752905,5.243518468077847e-09,1643665.6019965755,1256367892.95,0.524565820433923,3.1901370094430993e-15
343,164755.0,4.7009716,5194462050773279.0,15875.628556846095,4.2306825031826e-10,467480.37600679224,75170425.39,0.524565820433923,9.049968127691269e-16
344,101629.0,18.792255,4161446497738487.5,51775.839576945626,1.368472024609034e-09,303040.9662950168,157090703.16,0.524565820433923,4.515798775789269e-15
345,287647.0,7.2690554,5483055316556119.0,38024.45529079922,8.715245783872209e-10,657391.8081619493,176549948.98,0.524565820433923,1.3257308161840065e-15
346,298333.0,30.762798,7.668190735957405e+16,469502.644702685,1.3636208391860724e-08,33990746.506234914,5331222605.85,0.524565820433923,4.0117413688926893e-16
347,230296.0,13.413485,1.0158598573790744e+16,197789.08375393754,4.915090482310628e-09,3722405.561541479,2334989351.09,0.524565820433923,1.320407032777817e-15
348,173364.0,6.237929,4717865880445960.0,2508.9921404450847,5.068802507541058e-11,38336.32990219491,21048595.41,0.524565820433923,1.322192948691953e-15
349,81225.0,14.087618,6405799597313714.0,159331.57440965038,4.091869502832009e-09,1860619.4470563831,1471626468.61,0.524565820433923,2.199197428203604e-15
350,275070.0,4.217871,1.1474032610718376e+16,41720.85635389901,1.223376025135848e-09,3327995.6659603254,176157252.82,0.524565820433923,3.6760144781703943e-16
351,72742.0,5.1486654,2596018194475005.5,19285.249912381136,4.148697755848536e-10,209182.26415646324,122230303.77,0.524565820433923,1.9832932646457117e-15
352,145964.0,5.24019,3169385869366841.5,29197.049045372798,7.353427687785182e-10,444751.999547292,136772912.84,0.524565820433923,1.6533770944863997e-15
353,227009.0,10.076677,4831306531767545.0,240099.92824988527,5.454558844514774e-09,2615211.916926052,1109290301.89,0.524565820433923,2.085704339756191e-15
354,149696.0,3.1296237,2016536280642395.5,61854.06259246373,1.4195723645512528e-09,914684.7833862309,238331276.13,0.524565820433923,1.551979862719363e-15
355,190377.0,0.5687853,2467288498912943.5,0.0,0.0,0.0,2133884.0,0.524565820433923,2.305305197388144e-16
356,328394.0,11.964223,6110492893350312.0,129597.4704230413,3.307992312013804e-09,1689492.3735388261,1042871778.04,0.524565820433923,1.9579800204039117e-15
357,316867.0,0.472665,561448690039542.06,7248.611265659545,2.4893411213259807e-10,295692.9985571254,27616198.85,0.524565820433923,8.418667785416168e-16
358,33424.0,0.62512213,1074753196964528.4,3757.8442633524464,6.520413926530188e-11,112103.46549514016,13937602.28,0.524565820433923,5.816424940773001e-16
359,376331.0,4.959043,6863081559866375.0,28802.94007689402,6.724914716857101e-10,930696.4707693798,280367957.37,0.524565820433923,7.225679830179016e-16
360,122991.0,0.14563243,154845800149861.75,4257.600176831242,6.929174543796872e-11,73675.45653205676,18370737.02,0.524565820433923,9.404997091238836e-16
361,95453.0,6.454662,3173386827332730.5,14300.769239763631,2.94450518007734e-10,144764.4191356638,52806174.34,0.524565820433923,2.0339978550378053e-15
362,279685.0,5.34508,7894662636387695.0,97070.24998207025,2.1491185362979774e-09,3174239.826097992,485037596.27,0.524565820433923,6.770498305226771e-16
363,285461.0,10.407091,4853877710550153.0,171736.5888176793,3.5009867938990394e-09,1632863.762201848,975922516.3,0.524565820433923,2.1440777087110478e-15
364,301349.0,3.900527,2788803092754498.5,16702.43126011766,3.90302626505454e-10,279059.00200373284,56529530.23,0.524565820433923,1.398638365732538e-15
365,398763.0,6.9171476,4725661868382467.0,13054.889533903768,3.9578057463426915e-10,270389.65740671294,85234968.34,0.524565820433923,1.4637415440744706e-15
366,220465.0,1.6199223,1132101168771582.2,53168.500237952154,1.0133920777668408e-09,708220.6076573564,187584282.48,0.524565820433923,1.4308988849095013e-15
367,20174.0,7.18898,8130859061777069.0,80264.41480904896,2.075304565530679e-09,2347204.8792168633,399483428.07,0.524565820433923,8.841599571926151e-16
368,67834.0,8.6655245,2608069600714453.0,30557.85817242272,7.43228483830346e-10,223690.0507364579,84203724.6,0.524565820433923,3.322581766079468e-15
369,320335.0,26.65922,2.682593847067122e+16,404894.1377895881,9.637312718827512e-09,9697581.475297626,4559112741.32,0.524565820433923,9.937851765799922e-16
370,256852.0,2.6821744,2723301252567910.0,21409.656564644913,3.6725788135458756e-10,372889.1933009222,132535150.52,0.524565820433923,9.848981626512566e-16
371,133878.0,1.8314314,2227689860967411.8,7961.443717855088,2.1729489336605348e-10,264309.99861177016,44752099.79,0.524565820433923,8.22121351849521e-16
372,101630.0,4.32611,2295255788730007.5,13626.475603732964,3.326044941805106e-10,176466.24580175563,50536681.69,0.524565820433923,1.884805179989847e-15
373,201253.0,1.609412,4197372447338087.5,1090.1484787137254,5.709866495266346e-11,148914.2388972485,14225132.9,0.524565820433923,3.834332121326678e-16
374,315141.0,0.27250814,2042261924824629.5,19.046824056005242,8.827366972718382e-14,661.5507142222323,2475117.6,0.524565820433923,1.3343447120447123e-16
375,330809.0,0.128427,211200184384148.0,925.8314020878427,2.3220205112940353e-11,38185.98582300247,4015718.1999999997,0.524565820433923,6.080818554893238e-16
376,249293.0,2.013915,2064507556940695.2,261.18768868881205,3.123366213896202e-12,3201.8298446965027,4477940.1,0.524565820433923,9.754941284808537e-16
377,175775.0,0.8899722,2454340235390588.0,3175.6003293058607,5.912659732178162e-11,163057.66268720082,8727266.9,0.524565820433923,3.626115838248352e-16
378,336751.0,14.235988,1.5653947758821028e+16,209621.02307257723,5.25339370112305e-09,5776652.140610098,1934563119.16,0.524565820433923,9.094183920460573e-16
379,327327.0,6.13554,5895795394362269.0,46697.491465250634,1.2382744940968155e-09,1189889.2451605357,289539389.38,0.524565820433923,1.0406636576749224e-15
380,196466.0,4.0807824,2013116688268017.5,11746.833255430854,3.984291825126975e-10,196551.63098363075,35605329.69,0.524565820433923,2.027096801582275e-15
381,297080.0,15.5151205,8935450811287620.0,192996.4513551074,4.3899078129079205e-09,2528230.7880448587,1181053348.12,0.524565820433923,1.7363556498347769e-15
382,89983.0,21.013084,4138506402196858.5,104065.85646717243,2.425859141760278e-09,477770.59231299354,481163389.74,0.524565820433923,5.077455960644533e-15
383,81220.0,0.38204548,1156888551043830.8,73.35254639482065,3.193115645889779e-13,966.9212505508015,4658578.6,0.524565820433923,3.3023533654584983e-16
384,340479.0,2.380754,2135119205783882.0,1786.1266788905957,3.759127175476914e-11,33712.78439244405,18524397.6,0.524565820433923,1.1150450024292374e-15
385,65009.0,11.367663,1844241361893215.5,95164.53720090835,2.347648136993515e-09,380872.4623007377,351330666.08,0.524565820433923,6.16386945596452e-15
386,25413.0,1.8215543,3653393819144964.5,3306.225903854999,1.130381583840834e-10,226714.5751120018,12605574.2,0.524565820433923,4.9859237469951e-16
387,333380.0,0.6118218,772159590663942.9,3169.1646533330886,8.08859697559272e-11,102083.44537117312,12331590.4,0.524565820433923,7.923514871762764e-16
388,356356.0,3.9689722,3173622705815559.0,28412.401185541785,6.446086495094151e-10,515434.3601721834,253306865.19,0.524565820433923,1.2506124917517729e-15
389,132233.0,4.0239024,4822583976405768.0,8208.143621221645,2.318285993083554e-10,277842.94377941877,25323576.5,0.524565820433923,8.343872122676816e-16
390,256055.0,6.503721,3177235820742001.0,117565.97072678138,2.5795184370054526e-09,1260161.4334806402,672918476.36,0.524565820433923,2.046974592676329e-15
391,281035.0,43.34617,1.9500360813104548e+16,928242.7382314669,2.2856841207186955e-08,10282722.800837576,5733323636.94,0.524565820433923,2.222839383098527e-15
392,153751.0,8.867359,4072673992292392.0,163468.49020110627,3.6995506756554467e-09,1699160.2369893542,988828872.13,0.524565820433923,2.1772818096370185e-15
393,53996.0,3.0070894,4920281050058737.0,21660.62468393325,5.485608538364342e-10,897570.1134577002,68605991.04,0.524565820433923,6.111621204979951e-16
394,355525.0,3.1940677,4192975427239176.0,8005.89276256302,2.2419456294197678e-10,294308.81923270924,121889665.06,0.524565820433923,7.61766376986164e-16
395,207968.0,1.3699821,995460754737433.0,2909.5108976094384,6.683544004576638e-11,48564.18021167361,6849737.7,0.524565820433923,1.3762291416112656e-15
396,193735.0,6.6309447,2544516486624323.5,36052.67029696939,8.667514138955651e-10,332601.66721978673,123905638.3,0.524565820433923,2.6059743510630288e-15
397,267896.0,10.015029,5476121800123122.0,93980.79294735767,2.177734523183833e-09,1190764.3499871762,330408312.73,0.524565820433923,1.828854317991033e-15
398,320501.0,1.6052262,1621788777121267.2,18545.866277886318,3.8955187795114343e-10,393571.2386003157,67130247.01,0.524565820433923,9.897874634755665e-16
399,51230.0,2.2309332,1420249750971798.2,20149.62499754975,5.49225350790403e-10,349646.13359443855,62976581.55,0.524565820433923,1.5708034438826665e-15
400,289012.0,1.9914167,2198757599495000.0,19741.657015645607,4.2139039083586767e-10,465264.4141251463,71204259.8,0.524565820433923,9.057008832885349e-16
401,234769.0,0.67930007,385188124266604.56,37902.14470967547,1.117788107871669e-09,633826.9692782531,138585305.25,0.524565820433923,1.7635540329634578e-15
402,112781.0,3.7105856,1369001155912275.2,24970.640482983097,5.889943723462388e-10,217306.394054843,79947204.19,0.524565820433923,2.7104327735408953e-15
403,119300.0,42.543243,3.637766267213667e+16,918067.5198878626,2.2203623763169986e-08,18985763.15293208,5353741881.58,0.524565820433923,1.169488083482225e-15
404,171738.0,17.016968,6869601929588674.0,183613.99774879086,4.209155802104887e-09,1699199.5765684636,1226608958.78,0.524565820433923,2.477140331334877e-15
405,20170.0,0.4554115,1279283825670184.8,1324.1983844294639,3.661291301303663e-11,102848.31943911647,5599276.2,0.524565820433923,3.559894144377393e-16
406,265787.0,0.17163028,2772909216286377.0,9.047946636261567,3.9587512279381626e-14,639.5874763436116,2879623.3,0.524565820433923,6.189538373342641e-17
407,220680.0,0.22421403,1837031164806618.2,1671.016311330673,2.7785913352377314e-11,227655.64122340363,7398066.199999999,0.524565820433923,1.2205238228693998e-16
408,271042.0,0.86710113,2045276529805750.2,5025.670386895506,9.834827063313147e-11,231979.18064404774,35764403.45,0.524565820433923,4.239530045760378e-16
409,164754.0,4.05464,3868822637439198.5,27351.944868627783,6.422051402068561e-10,612773.9538681854,90317646.19,0.524565820433923,1.048029434268353e-15
410,342841.0,1.4046785,2599596481826886.0,1369.7958763677896,2.0475893234312597e-11,37894.12311371034,7080748.9,0.524565820433923,5.403448226752683e-16
411,268423.0,1.9122576,2402848631994273.0,14382.11173617957,3.444556354171458e-10,432825.9709072705,99817711.72,0.524565820433923,7.958294062047923e-16
412,230297.0,1.1571401,1295884556696792.5,2364.6108324657603,4.39751756306116e-11,49247.92683076035,8438422.7,0.524565820433923,8.929345550266823e-16
413,356504.0,10.890882,1.0363975067881908e+16,110803.89299210769,2.767777282630346e-09,2633870.677382313,783477656.47,0.524565820433923,1.0508402353987693e-15
414,160683.0,0.5292776,4456512456413021.5,2541.1559565947077,2.997202290829421e-11,252364.15339456944,14697413.5,0.524565820433923,1.187649771377521e-16
415,330668.0,7.9073124,4747602163308535.0,54490.90132655685,1.327404549585717e-09,796982.386986347,393353865.39,0.524565820433923,1.665538123878836e-15
416,275775.0,9.902291,4435031926339533.0,127771.95674391232,3.2133503505472726e-09,1439193.3538603827,426733179.19,0.524565820433923,2.2327440172844226e-15
417,369374.0,8.366062,9785353367505292.0,44685.14672837757,1.401158863973725e-09,1638863.6144455038,553083055.11,0.524565820433923,8.549575764715453e-16
418,93647.0,2.0285218,1057594310190569.5,4864.353058414735,9.896847612644472e-11,51598.4088707152,26688321.34,0.524565820433923,1.918052868149865e-15
419,291808.0,0.13529179,416675932556619.25,887.7767451329074,1.5787536789024442e-11,48622.954980037546,4048795.4000000004,0.524565820433923,3.2469307543126724e-16
420,371893.0,1.7621323,2171809438408200.8,14633.057323243134,3.157697980098327e-10,389182.93914821587,60432799.24,0.524565820433923,8.113659830539883e-16
421,357180.0,1.3036182,1169822604339883.8,5673.356530979212,1.2267555171517964e-10,110084.86487553145,17645974.21,0.524565820433923,1.1143725511575454e-15
422,145965.0,1.8082633,2744762359952923.0,6029.753037525276,1.427475564559425e-10,216676.4762275084,30409906.4,0.524565820433923,6.588050486203164e-16
423,81224.0,6.6335607,2488355016289374.5,92342.06813288234,2.0920377713495195e-09,784756.9228701593,479593691.28,0.524565820433923,2.6658417535179288e-15
424,147996.0,4.217517,4284072922599032.5,21810.684132671147,5.226938984939308e-10,530942.4425190405,66606212.45,0.524565820433923,9.844643348044004e-16
425,272656.0,7.5499377,5732947591313551.0,67368.6535961702,1.669032041612382e-09,1267357.9045277215,249125298.66,0.524565820433923,1.3169382032097269e-15
426,409177.0,3.6993933,5701344975043571.0,11542.324698037582,3.1137822465483797e-10,479882.65440007386,119199176.62,0.524565820433923,6.488632622992136e-16
427,229814.0,2.849232,1798251640635651.0,12383.564062955393,3.2204692802658907e-10,203255.26902880677,45201244.3,0.524565820433923,1.584445655777545e-15
428,60020.0,0.3295472,1022007760213507.5,1.624299081942172,1.5540520578579118e-13,481.95016158734063,1868577.9,0.524565820433923,3.224507805411911e-16
429,324537.0,2.5756755,3936695820755627.5,26989.817523363556,6.091536032407758e-10,931038.2631958853,138407281.12,0.524565820433923,6.542734357122906e-16
430,149697.0,1.23314,1554877292477360.0,18182.545185126648,3.908615871327604e-10,492840.88289601373,86464370.71,0.524565820433923,7.930786602685917e-16
431,290093.0,2.073343,5767218754645702.0,5382.282388183175,1.2071192805942136e-10,335772.7570468262,20289528.8,0.524565820433923,3.59504830353426e-16
432,267122.0,3.849802,2499599084753509.5,14460.324244300034,3.322393260391497e-10,215716.31873186765,50245360.91,0.524565820433923,1.540167790699778e-15
433,313928.0,0.984655,864712655431550.5,22706.19838180732,5.833059362626732e-10,512252.54030567355,92313997.55,0.524565820433923,1.1387077473829616e-15
434,342314.0,0.54803056,499733908559533.6,3732.961392851742,1.21102747871064e-10,110430.24595363176,17770704.36,0.524565820433923,1.0966447355547273e-15
435,168374.0,1.3476021,717626080211260.5,25709.821868879135,6.66079411990367e-10,354701.1076459946,103386856.66,0.524565820433923,1.8778610994785502e-15
436,285779.0,1.4454978,2766686263709863.5,30469.832835301288,6.297131202150041e-10,1205272.4257184826,185351273.7,0.524565820433923,5.224653835746901e-16
437,53993.0,21.054728,4944096954274406.0,328791.94934579433,7.499738059347018e-09,1761097.6545065525,1576708752.26,0.524565820433923,4.258558882385425e-15
438,294571.0,7.245109,3590997119727943.0,156392.4583321073,3.26435878200087e-09,1617960.8869823408,779774795.57,0.524565820433923,2.0175758315698386e-15
439,300979.0,0.23459083,142319415881872.2,6752.960141324031,2.5360231106243614e-10,153853.12706681146,22085156.49,0.524565820433923,1.6483403093413118e-15
440,173904.0,7.265915,5965444039770723.0,44237.242692663305,1.159387856343014e-09,951877.8264546157,212010606.21,0.524565820433923,1.2180006972757152e-15
441,303524.0,3.633546,4391478507509987.0,12673.622581259244,4.095771984428224e-10,495012.1628095,133501285.57000001,0.524565820433923,8.274083531972601e-16
442,205036.0,1.4549481,2690032494538440.0,7807.318580503504,2.3580376869724337e-10,435974.1767628762,38489366.46,0.524565820433923,5.408663660955673e-16
443,62935.0,4.231064,5474005804120965.0,14738.275491811813,3.091653634759349e-10,399987.5667445435,481808296.49,0.524565820433923,7.729374340112596e-16
444,308946.0,4.0422125,4126338327648617.5,8267.219135487083,2.3954922406500537e-10,244534.68109801706,45454201.8,0.524565820433923,9.796124745552417e-16
445,125548.0,28.553213,6480527299539407.0,147278.92950629134,3.967205727630769e-09,900409.5273201057,499632022.37,0.524565820433923,4.406001499604727e-15
446,316199.0,4.2546697,4728249841336806.0,26998.67089121984,6.206465329135228e-10,689729.6565170742,96312288.99,0.524565820433923,8.9984028821901e-16
447,279002.0,23.47615,2.0903350340845424e+16,301774.94865377614,7.657126864495277e-09,6817966.551280512,2625191247.5,0.524565820433923,1.1230807319019714e-15
448,254573.0,0.16548231,232346956576152.38,196.48333709275946,2.0970107823960188e-12,2944.32724076121,2807939.6,0.524565820433923,7.122206911531578e-16
449,208711.0,6.8246,4525719156790779.0,8106.159675683397,1.9578520873534172e-10,129834.5499794592,27542799.330000002,0.524565820433923,1.5079592355526045e-15
450,261179.0,5.823847,5706947216435809.0,47700.21655360851,1.0381739575376184e-09,1017335.1012046606,240084083.36,0.524565820433923,1.0204837681392117e-15
451,194527.0,2.2813811,2161189166938099.5,1689.873860085738,4.4190014705669616e-11,41861.914727323936,3830109.54,0.524565820433923,1.0556137958215774e-15
452,260335.0,0.15230075,166647149034181.25,4311.679791701378,1.2642670446098781e-10,138335.82474288944,14133536.5,0.524565820433923,9.139115243355372e-16
453,273107.0,0.2667909,176455993247866.06,9978.629082130956,2.4699475513131283e-10,163362.78652573706,39986953.05,0.524565820433923,1.511940144901972e-15
454,335946.0,1.9351168,1892861904031860.0,20759.460124265082,5.108857440523166e-10,499730.1259694513,109286241.34,0.524565820433923,1.022323285115589e-15
455,218260.0,14.484527,5543566636239009.0,156542.22839335815,3.5474432561770086e-09,1357689.3521544705,768393585.86,0.524565820433923,2.6128534119735805e-15
456,278556.0,3.2369971,1571443447829885.5,64417.25754284799,1.4078035570827112e-09,683437.0273637973,339256108.24,0.524565820433923,2.0598877449075195e-15
457,175774.0,2.228022,2183738397272749.0,2681.0755800624447,6.023124404021579e-11,59034.10304122878,6089261.2,0.524565820433923,1.020278803900026e-15
458,20169.0,0.2562875,580619308164570.8,7454.046602436689,2.23362553158315e-10,506027.84406049066,15944354.0,0.524565820433923,4.414036812006222e-16
459,266139.0,1.2871845,2286722038630643.5,12922.934273219902,2.89952090621257e-10,515108.62333306373,66996472.58,0.524565820433923,5.628950428845318e-16
460,366390.0,12.802881,7828742813244610.0,162744.80896351067,4.3582101218301335e-09,2664970.9678538432,1103644850.14,0.524565820433923,1.6353687054759518e-15
461,81221.0,2.183833,3556624574683866.0,11210.958647157708,3.024395360614942e-10,492557.75799353595,36584902.3,0.524565820433923,6.140184194712516e-16
462,261181.0,7.42498,4887022022122429.0,34034.516412337565,9.455205025721601e-10,622328.8841772522,333377427.15,0.524565820433923,1.5193260775967073e-15
463,72746.0,3.9840345,4830267036896414.0,14467.564400052375,3.5526390990178685e-10,430724.0696328153,61641547.18,0.524565820433923,8.248062621730034e-16
464,350725.0,1.8162326,1781395966223450.2,8583.32602183147,1.7080551771881966e-10,167529.34633648433,40927693.24,0.524565820433923,1.0195558059168638e-15
465,152334.0,0.62197787,1514260585478934.5,1839.457377395119,7.810941075483978e-11,190164.3253980053,5043663.54,0.524565820433923,4.107469189678996e-16
466,212835.0,0.15385124,677723598588096.9,3576.4933456874596,5.541960537713605e-11,244126.56270124885,13792135.3,0.524565820433923,2.2701177931610857e-16
467,79239.0,4.520757,2555879545647190.5,33124.158120994434,6.287695751676236e-10,355484.5562582114,174254181.95,0.524565820433923,1.7687676274490745e-15
468,141152.0,0.1673248,104938042389376.2,10345.636681667876,2.2721031154497067e-10,142495.34620217388,27829140.54,0.524565820433923,1.5945104005193425e-15
469,287412.0,4.8418217,3827068773810057.5,8680.948760162652,2.8001987752605443e-10,221333.08405926632,73946453.07,0.524565820433923,1.2651514739254868e-15
470,227570.0,3.7169664,5452023238543484.0,68168.47360815578,1.6538066752961779e-09,2425793.363580876,257756725.68,0.524565820433923,6.817590896756692e-16
471,270409.0,3.1653404,1803876980382278.2,5363.640613088214,8.661761895990194e-11,49361.99877185111,36753352.38,0.524565820433923,1.7547429422427685e-15
472,328014.0,3.6866093,5181004622781101.0,38419.03953675404,9.013994584846751e-10,1266788.634581235,153117694.69,0.524565820433923,7.115626347426559e-16
473,53995.0,25.814365,5674642254262171.0,428140.3285927157,1.1091111033228656e-08,2438103.2543652616,1777951791.13,0.524565820433923,4.549073552717983e-15
474,259163.0,6.59372,1709319281950644.5,41720.09039529806,1.0784337332198407e-09,279567.16003996093,133474396.13,0.524565820433923,3.8575122094658436e-15
475,95454.0,32.22681,1.2259178558994812e+16,418943.7190700623,1.0380148153805938e-08,3948640.5786463926,1959193147.45,0.524565820433923,2.6287903259516946e-15
476,320564.0,15.53936,4.2611127954762424e+16,349248.6928757709,8.063596064636069e-09,22111523.49168346,2154635792.72,0.524565820433923,3.646784477636257e-16
477,296963.0,0.10488544,75493509397498.44,8039.740159680359,2.0098954683477158e-10,144666.46888996015,41158265.63,0.524565820433923,1.389330564138213e-15
478,309794.0,11.653091,1.1607290794596306e+16,166471.10204225258,4.2160151161992e-09,4199444.8896123655,1041038388.29,0.524565820433923,1.0039458135592689e-15
479,33423.0,22.200157,3010334673060222.0,155317.00591226204,3.988596058027307e-09,540852.436778304,640060074.28,0.524565820433923,7.374647476465446e-15
480,37438.0,61.936623,9825720061269022.0,583194.9376418509,1.4104732504194416e-08,2237596.213879732,3410452808.93,0.524565820433923,6.303520008079764e-15
481,205405.0,5.5271754,2316809484032188.0,73131.90557037044,1.8737429797180867e-09,785411.207693824,246520946.0,0.524565820433923,2.3856840357803067e-15
482,161984.0,1.7338637,1139872198371649.5,4014.49983057709,1.4614106718806399e-10,96075.68318549919,10788681.96,0.524565820433923,1.5211035960670765e-15
483,107541.0,11.905597,4387128119375039.5,30911.671255766956,6.452409376044275e-10,237766.71267608833,157276421.86,0.524565820433923,2.713756397361833e-15
484,193279.0,0.27677667,480981898914799.8,5104.276104431825,1.6036212344757804e-10,278676.95152855775,15407105.75,0.524565820433923,5.754409274537537e-16
485,210670.0,8.292011,7722251739717699.0,39566.801652858616,1.0097949017556654e-09,940410.0449023463,186314185.79,0.524565820433923,1.0737814926897384e-15
486,255420.0,5.8007417,2403693458769566.0,10820.60077680979,2.661591992409263e-10,110290.22826628534,41849425.95,0.524565820433923,2.4132618403718416e-15
487,158736.0,3.0100822,2848230143950926.0,12285.318338758289,2.734923400632806e-10,258786.6627389489,67964308.38,0.524565820433923,1.0568254838510208e-15
488,76888.0,4.476817,2168874074140311.5,6693.698495552379,1.6093202346730526e-10,77966.3974196798,28228916.4,0.524565820433923,2.0641202978898165e-15
489,377331.0,3.2092614,4956190973464508.0,9966.84374367507,1.9265994792835148e-10,297532.47737022536,67433558.05,0.524565820433923,6.475257747698615e-16
490,350914.0,20.93072,3.0130920385088844e+16,339649.1734034385,8.596504767814551e-09,12375140.49918287,3510097660.41,0.524565820433923,6.946591651530888e-16
491,298730.0,1.6581461,1373228035321773.5,15596.82644824015,4.248348080867631e-10,351835.74526110117,80627672.07,0.524565820433923,1.207480518420573e-15
492,340234.0,8.835087,7625686413144650.0,58834.34442432948,1.3719999002964905e-09,1184192.1871880563,493800158.55,0.524565820433923,1.1585956360296518e-15
493,363647.0,0.9027598,4500541516050049.5,12.931129845915468,6.127715683184908e-14,305.4858981395125,6326188.04,0.524565820433923,2.0058915061232836e-16
494,112782.0,5.2713957,2091304713875633.8,32633.929211174447,7.71293476792857e-10,305992.90502863,152420563.59,0.524565820433923,2.520625361299444e-15
495,119303.0,7.87109,7535420604955604.0,39315.69305034385,1.09278199971283e-09,1046179.3725342549,273650897.6,0.524565820433923,1.044545541999825e-15
496,156531.0,1.990062,2273041772918435.5,1091.950162733127,1.28861307981131e-11,14718.492989365084,2610694.4,0.524565820433923,8.755061273884517e-16
497,79243.0,8.032506,3857374281874372.5,106890.17123774409,2.3910960588335736e-09,1148253.414667328,536263999.79,0.524565820433923,2.0823766150317283e-15
498,333618.0,3.7425122,4501568546619011.0,9285.222088761102,2.2856937309542907e-10,274927.81470339873,32780182.23,0.524565820433923,8.313795871909771e-16
499,305606.0,0.73615086,1439924885739846.5,248.53295590202117,2.107404661472039e-11,41221.23033827259,5613772.9,0.524565820433923,5.112425427815e-16
500,314127.0,8.078519,2.0486797738319356e+16,82330.93750128461,2.075791865025933e-09,5264124.288825093,276750085.93,0.524565820433923,3.9432804985864643e-16
501,228140.0,25.040012,1.2648592080032276e+16,419823.4813267553,1.0628517910828387e-08,5368838.779685294,2722027812.9,0.524565820433923,1.9796679220550928e-15
502,318081.0,9.422559,5569312645149872.0,31238.982002669745,8.785028795321355e-10,519249.30327089457,285751810.4,0.524565820433923,1.6918710800345876e-15
503,338684.0,2.7365675,5296790203689545.0,26598.234793436004,6.691631744717821e-10,1295205.379444115,161335281.8,0.524565820433923,5.166463829535498e-16
504,246194.0,0.6924565,813073995547237.2,823.5466929299835,3.0219622034864113e-11,35483.512439863436,2471952.0,0.524565820433923,8.51652498778963e-16
505,138052.0,12.099518,5844554556069364.0,49612.34019169247,1.461215067748252e-09,705825.7346784599,191240385.47,0.524565820433923,2.0702207300700234e-15
506,98493.0,15.082031,2928401806806139.0,135250.71915432136,3.0932939691666688e-09,600609.2712772043,482687166.53,0.524565820433923,5.150260106023229e-15
507,195946.0,1.2979661,2173482231777032.8,2065.243739861372,3.9988203170525874e-11,66961.41684426734,4875688.300000001,0.524565820433923,5.97182751725919e-16
508,132234.0,8.225706,3641008331067100.5,134613.93275303597,3.3819730434714297e-09,1496989.076284009,811008378.8,0.524565820433923,2.259183515130608e-15
509,382147.0,6.0273995,4508335241889949.0,58598.23698904612,1.4747870513758288e-09,1103101.6673111867,338263108.65,0.524565820433923,1.336945718675801e-15
510,25414.0,1.7315265,1563389965634898.5,9910.154154210297,1.8915270948694837e-10,170785.4011963133,25397088.44,0.524565820433923,1.10754612608558e-15
511,89984.0,3.7269802,3851145979941435.0,4365.864962782796,7.865168246180422e-11,81271.99353739727,18265548.34,0.524565820433923,9.677587449065425e-16
512,326213.0,0.57656056,324910393901490.0,54094.54779129595,1.3581080744877061e-09,765337.5205591494,272382574.83,0.524565820433923,1.7745217476016114e-15
513,176836.0,0.81575733,1148821463368262.8,1186.9163562087501,1.9004524984501524e-11,26763.849248297596,5846116.1,0.524565820433923,7.100819022028519e-16
514,145966.0,21.68154,3.9411286581569784e+16,298150.00753679505,7.658275631434377e-09,13920712.995069195,4410797061.26,0.524565820433923,5.501353008389001e-16
515,215670.0,2.229422,1861770529686420.0,949.7833250699096,1.2333740973794295e-11,10299.797645217506,4731522.5,0.524565820433923,1.197474105670533e-15
516,33426.0,2.9471319,5134105087552808.0,16255.26783669264,4.651663416897465e-10,810351.5426057638,72092584.05,0.524565820433923,5.740303031866382e-16
517,318599.0,4.2285113,3673107415084062.0,33889.57050337011,7.950655559191034e-10,690635.7774009947,209603153.86,0.524565820433923,1.151208179383784e-15
518,178180.0,0.83391947,1362503223762968.2,2145.836908253995,5.6908931336388245e-11,92980.92345383708,6064269.3,0.524565820433923,6.120495390072377e-16
519,298980.0,1.0363551,2518932081429550.5,36798.69134118981,6.842988532546695e-10,1663235.2508793937,247462772.9,0.524565820433923,4.114263769318644e-16
520,296432.0,1.635016,2561081439276802.0,179.6670861743449,2.0364893776017585e-12,3189.94746611668,2419697.5,0.524565820433923,6.384084375160267e-16
521,247597.0,22.460987,6424490868086251.0,184972.03936299979,4.176165655159609e-09,1194503.968823291,1067966769.9,0.524565820433923,3.49615050611641e-15
522,151069.0,0.69512457,1579085007159597.0,2197.0698877932714,4.139893638578922e-11,94044.20816135683,3002970.5,0.524565820433923,4.402071876107328e-16
523,243216.0,7.453207,5773562010537155.0,38197.00223130363,9.199661696902314e-10,712643.7959260889,232625762.65,0.524565820433923,1.2909200570457848e-15
524,225205.0,12.724451,3845390282185867.0,84784.07131759229,2.099781687281131e-09,634564.1234331214,347217656.36,0.524565820433923,3.309014187440796e-15
525,289776.0,15.49839,1.0115108987912324e+16,180339.38614062322,4.336344001739644e-09,2830138.626442899,954923186.74,0.524565820433923,1.532201978102338e-15
526,282843.0,20.096024,1.5741996921602568e+16,321049.45411498507,7.173136380885317e-09,5618996.614759818,2448043577.18,0.524565820433923,1.2765867062534137e-15
527,246946.0,6.7311387,6586808531528742.0,76968.3203776184,1.7309643449945913e-09,1693848.7265731778,348143979.8,0.524565820433923,1.0219120030255016e-15
528,229247.0,1.6530817,1334516030242907.2,5161.899985724528,1.1151489589472304e-10,90024.84038289024,12006164.94,0.524565820433923,1.2387125089078981e-15
529,205035.0,0.8296729,3660484346445916.5,34.33427547891065,2.901806665536265e-13,1280.265737932132,1492835.0,0.524565820433923,2.2665659007818365e-16
530,356930.0,2.3907795,2102376103441500.8,15150.694778145174,3.608275609589535e-10,317300.37907016743,84416898.95,0.524565820433923,1.1371797349134605e-15
531,178706.0,3.002805,5559540893525738.0,20919.472620836394,6.211875561959829e-10,1150097.1995254052,55824195.78,0.524565820433923,5.401174409017949e-16
532,329275.0,7.679838,8736471473481610.0,93957.76181844765,2.3984165676170497e-09,2728403.636185038,399027913.3,0.524565820433923,8.790548934213453e-16
533,329088.0,4.354597,2239965532018728.5,43617.14484666896,9.965498053439515e-10,512616.25700619933,224523760.71,0.524565820433923,1.944046431855359e-15
534,246370.0,24.620527,1.2242636654793446e+16,328134.82852024375,8.596551997874546e-09,4274663.27564868,1751388748.07,0.524565820433923,2.0110477582751874e-15
535,243759.0,6.454069,2372813853173689.0,18201.028129463586,3.620392330428831e-10,133102.3432746893,79627508.7,0.524565820433923,2.7200064562028516e-15
536,182815.0,47.514614,3.55908784644105e+16,830950.7192754566,1.7922424378130826e-08,13424813.423289984,2750569878.905,0.524565820433923,1.3350222318202338e-15
537,213905.0,6.351495,6261036690231659.0,81204.4613784843,2.191611533053201e-09,2160398.49187962,327231503.92,0.524565820433923,1.0144478165907368e-15
538,355589.0,6.606188,7946659673188842.0,39647.035516456934,1.1614123294181126e-09,1397076.2748700506,548486316.82,0.524565820433923,8.313163356282331e-16
539,247120.0,0.27630594,483463191281086.06,105.69459979379985,7.78075541920761e-13,1361.4288732076172,3322747.3,0.524565820433923,5.715139125025041e-16
540,98496.0,1.9405063,2374929816294678.5,45488.3301023297,1.1616440859080427e-09,1421702.766718865,279189245.99,0.524565820433923,8.170794297523882e-16
541,229577.0,1.9404601,2377528294794756.0,17147.46872593059,4.42025255422859e-10,541586.787474644,51444168.42,0.524565820433923,8.161669849517031e-16
542,230726.0,0.83580244,1541160773089412.8,1399.4886218359898,3.89699495245821e-11,71857.83943937796,7448947.5,0.524565820433923,5.423200840523273e-16
543,338378.0,4.026668,5528178348507036.0,16302.489528751636,4.1455333894112483e-10,569136.7633576011,98455489.47,0.524565820433923,7.28389669462719e-16
544,76891.0,17.701624,7155965183736764.0,187436.80613441358,4.364254813492688e-09,1764270.639705671,900926049.05,0.524565820433923,2.4736878318287754e-15
545,343342.0,2.2572837,4613311644239644.0,42243.313292600404,1.04982384186322e-09,2145571.9341206383,143162846.89,0.524565820433923,4.89297900092774e-16
546,203638.0,1.0913867,2132074870404012.2,3488.394816291139,5.575596840404275e-11,108921.88727359392,16184285.55,0.524565820433923,5.11889481532696e-16
547,29961.0,61.63882,1.373015049482901e+16,933938.3721168829,2.3532202771043286e-08,5241837.619883971,5917949829.65,0.524565820433923,4.489304033718651e-15
548,268038.0,0.8767224,1707501930020141.0,78.28710342550175,5.416693179994653e-13,1054.9535473449528,2436119.8,0.524565820433923,5.134532410101923e-16
549,9.0,1.0034349,4599218094425387.0,384.07251209117715,6.1918249361880235e-12,28380.07057959642,4408219.06,0.524565820433923,2.181751070287886e-16
550,184681.0,0.6828965,3168130441011194.0,13.448184682879326,6.089042898931381e-14,282.48617711069767,1463707.6,0.524565820433923,2.1555188863436926e-16
551,288412.0,0.448526,3289313302349508.0,653.4800002332165,1.259399005888801e-11,92359.3705389605,1444732.1,0.524565820433923,1.3635855230926906e-16
552,84846.0,15.61186,7065798552045722.0,93602.90728457629,2.5929708345246376e-09,1173557.1269586694,340285787.4,0.524565820433923,2.2094969004572008e-15
553,287122.0,2.2743328,2601344432391749.0,1361.6740154628915,2.5321543993665385e-11,28962.365352812125,13358988.8,0.524565820433923,8.742912978689694e-16
554,232937.0,0.5686098,2625810975604389.5,850.4892466044848,1.8874343827024988e-11,87160.75448986838,4415285.6,0.524565820433923,2.1654635664287361e-16
555,81222.0,0.7811959,1395559623281067.0,1410.2240457313342,6.528141441213835e-11,116621.33160742269,4841492.2,0.524565820433923,5.597725005566935e-16
556,251123.0,1.5925114,4448345529674965.0,1940.4212126930481,6.088250456156003e-11,170062.46674393115,9915329.15,0.524565820433923,3.580008318545261e-16
557,143675.0,11.985606,3253734233293094.5,120906.93960369924,2.9289674064374294e-09,795127.2149714542,499358597.37,0.524565820433923,3.683646278592768e-15
558,238400.0,19.314175,1.2306420171581514e+16,338393.5484829356,8.405800687280305e-09,5355927.195245984,1752526446.39,0.524565820433923,1.5694389376206313e-15
559,167974.0,0.31945968,1000840960148120.8,899.1776806220618,1.8498721500876924e-11,57954.9763164176,1376275.2,0.524565820433923,3.1919125287670197e-16
560,193280.0,3.470541,6745431537301840.0,16516.938655620725,3.9197544216858527e-10,761853.4140503769,65580414.64,0.524565820433923,5.145024422541556e-16
561,241562.0,4.4097114,1645111268739837.5,17411.760658380776,3.8153785179133323e-10,142338.6164075754,83481141.1,0.524565820433923,2.6804943129335306e-15
562,53994.0,4.136266,2474284197375440.5,26369.870078569948,6.515493688263416e-10,389752.0872924903,104428525.21,0.524565820433923,1.6717020641313077e-15
563,328868.0,0.5582164,9782917591491630.0,1761.6436836666003,4.154821320354081e-11,728145.4752027426,23020071.2,0.524565820433923,5.706031915115898e-17
564,258607.0,1.3146726,3673448111459675.0,1361.8573771610384,6.779323491295395e-11,189427.33784877908,12092002.02,0.524565820433923,3.578851694947731e-16
565,33422.0,2.125385,929374932865690.9,9009.469449779064,3.0429333791405e-10,133059.46945863793,20280782.01,0.524565820433923,2.286897273467942e-15
566,216835.0,17.208744,8059625688192945.0,175152.4736353847,3.976497290283474e-09,1862371.809923974,1014318749.64,0.524565820433923,2.135179059892344e-15
567,239819.0,11.243894,5608120505688259.0,62052.04749731246,1.5143489683201076e-09,755312.3056837654,356724087.53,0.524565820433923,2.0049308834564866e-15
568,37439.0,28.938564,5997372078336764.0,215631.2783214115,5.037492393719689e-09,1043995.0035851223,949241041.92,0.524565820433923,4.825207377832969e-15
569,51232.0,9.789219,1.2484403072703636e+16,114686.00374092638,3.508654613886038e-09,4474663.243579968,645158080.79,0.524565820433923,7.841159038996035e-16
570,343410.0,4.435778,2439370359737835.0,17975.935926911443,4.4180285545797425e-10,242960.9395356849,131390810.49,0.524565820433923,1.8184110429532003e-15
571,107540.0,10.23744,4742535077377457.0,28290.06943946327,6.323494884605651e-10,292938.432868561,108889045.96,0.524565820433923,2.158642968996475e-15
572,227327.0,9.6232605,3550099951711024.5,42301.44815948689,1.0835834977101388e-09,399742.8649983679,215657286.81,0.524565820433923,2.7107012847235258e-15
573,20172.0,0.3234221,652680411627316.9,193.15500187297002,8.736687541278701e-12,17631.030225519637,1129832.5,0.524565820433923,4.95529043369966e-16
574,261018.0,1.6668911,1387823321782744.8,36760.46290825745,7.330003815518931e-10,610282.8339496009,149766820.31,0.524565820433923,1.2010830729222617e-15
575,236406.0,6.700059,2608213225455459.0,62105.838383516486,1.2971153863762046e-09,504943.8379107085,275651388.38,0.524565820433923,2.5688310045395172e-15
576,277364.0,11.541924,6864551419963735.0,116781.83694535164,2.76559124052557e-09,1644833.502385657,1121245105.45,0.524565820433923,1.681380660422087e-15
577,173903.0,8.455232,6731533933070884.0,93901.20078996167,2.427519524409461e-09,1932641.2393834232,334754513.26,0.524565820433923,1.2560631921441977e-15
578,330473.0,0.51766145,1483112359782584.2,3106.9580529619793,6.838086434411379e-11,195912.80185412953,11980000.1,0.524565820433923,3.4903724359487243e-16
579,154641.0,0.85667276,548953943915219.75,45941.444822203266,9.734378449138437e-10,623776.7430842397,186758639.95,0.524565820433923,1.5605548871551678e-15
580,296799.0,3.026129,4963349137591705.0,9807.59891060874,2.991032300275252e-10,490578.4779194841,53221322.7,0.524565820433923,6.096949692860667e-16
581,197985.0,22.303288,7785944024206282.0,256016.6750633874,6.767322107351422e-09,2362431.544694749,1499281465.54,0.524565820433923,2.8645579689064938e-15
582,191514.0,3.2605083,825588854616930.4,143785.25460986534,3.5916232854897626e-09,909430.0279753894,529652136.36,0.524565820433923,3.949312398982011e-15
583,288727.0,0.8773708,1883059150184670.5,7019.60148095508,2.0894339529080768e-10,448445.2552706427,24128267.79,0.524565820433923,4.65928433482271e-16
584,333330.0,1.0605019,2314939164589729.5,1544.396463796057,6.256838867386069e-11,136578.74012898287,11855612.9,0.524565820433923,4.581122114230375e-16
585,292634.0,0.46082085,3973940461724976.5,14.926891034709106,6.536160313151862e-14,563.6531405372647,2081971.5,0.524565820433923,1.1596068296402471e-16
586,286711.0,0.35084784,6086377425835872.0,294.8974738812023,1.030128964289769e-11,178702.92927991055,1769769.9,0.524565820433923,5.764477216130191e-17
587,138053.0,7.531566,1853121274882373.2,27942.344447802683,6.099478519715076e-10,150076.0055820005,139853365.48,0.524565820433923,4.064259637015967e-15
588,288290.0,2.0911608,2752105328281799.0,574.7640242766128,1.1673303818708403e-11,15362.836582495076,3207482.84,0.524565820433923,7.598403951005605e-16
589,279864.0,12.521278,5225199451354540.0,231320.5958884563,5.359815504819476e-09,2236681.034886717,1118411607.74,0.524565820433923,2.396325368355859e-15
590,142969.0,13.783242,4675656486371116.0,57069.60410850212,1.2724318496030012e-09,431644.03781501256,290860433.61,0.524565820433923,2.947873104060621e-15
591,251759.0,0.36765936,340592695187514.44,1118.0662755978283,1.3508261778172499e-11,12513.798877108033,4868326.4,0.524565820433923,1.0794693051111502e-15
592,25415.0,4.678835,2918451322877194.5,14879.794060414137,3.333475417895354e-10,207927.5234782869,83000398.3,0.524565820433923,1.6031910360551458e-15
593,132951.0,1.1924134,846880051785234.6,5610.633709303933,1.4436000215975388e-10,102527.87003632209,15885344.1,0.524565820433923,1.408007423821563e-15
594,200462.0,0.38574794,1611711821325542.8,612.3500389419974,1.2838216639252382e-11,53639.96376032843,4163527.6,0.524565820433923,2.393405166456767e-16
595,321282.0,9.325287,6599483907572887.0,73675.12416364034,1.9898814514818537e-09,1408234.472250803,530275585.97,0.524565820433923,1.4130327659863314e-15
596,152333.0,8.264819,3070087948256793.5,62130.8586360233,1.4304692068579329e-09,531368.7174912111,373625388.01,0.524565820433923,2.692046331992799e-15
597,377053.0,9.325337,6893265005893258.0,94676.4971906385,2.3881460860195544e-09,1765311.4138094469,526058048.96,0.524565820433923,1.352818583360351e-15
598,72741.0,30.955055,4821866113465913.0,182642.7575763111,4.386830112809374e-09,683336.1293167585,759280672.53,0.524565820433923,6.419725117118566e-15
599,176837.0,0.7865915,737930733896722.0,21669.443768703262,5.934562139704758e-10,556743.3407439609,108308733.76,0.524565820433923,1.0659421865333073e-15
600,144356.0,10.09425,3935409110825056.0,44212.40980644927,1.0157769655948618e-09,396017.32916940324,241648074.62,0.524565820433923,2.5649811025323736e-15
601,167321.0,0.14431809,794729063724969.9,5.851700836143904,4.1710875993415876e-14,229.69293333493894,986522.6,0.524565820433923,1.8159407600316963e-16
602,354297.0,0.11183665,90451787653299.95,18167.56193014928,3.893630479470706e-10,314910.93244432914,94754580.56,0.524565820433923,1.2364227717496069e-15
603,178181.0,1.0745895,1184389567388503.8,4687.295126548508,8.133056922569653e-11,89640.81419061276,25003557.56,0.524565820433923,9.072939593426129e-16
604,320834.0,1.1098963,664517761375114.2,21087.282737584326,5.17209733275157e-10,309664.113771194,67223227.68,0.524565820433923,1.6702281933040365e-15
605,124479.0,28.375496,4647887801901222.0,343112.7346396775,7.721606177695179e-09,1264794.0731818238,1748749851.27,0.524565820433923,6.1050303297753826e-15
606,149695.0,9.706871,6503348142545512.0,81629.26385767033,2.138866504809356e-09,1432984.2759015483,468965764.54,0.524565820433923,1.492595934776541e-15
607,356987.0,8.069937,6452169118926115.0,49944.44110292233,1.1614113455596838e-09,928584.9961642352,254934320.01,0.524565820433923,1.2507324050649097e-15
608,349994.0,18.41477,1.363612396052043e+16,261207.9340447699,6.499436119472353e-09,4812827.778930113,1539320619.58,0.524565820433923,1.3504402023122405e-15
609,257856.0,3.291247,1921061329986810.5,3738.398261006472,7.354390777542325e-11,42926.69534783683,17842426.11,0.524565820433923,1.7132441055500278e-15
610,250721.0,1.6224568,2619254360834087.5,52576.60405975699,1.4175903476233961e-09,2288522.9978936207,201261776.31,0.524565820433923,6.194346086660087e-16
611,139332.0,1.5976532,1454473246820730.5,3589.9034562734387,1.079769619049199e-10,98300.18327111738,12811438.1,0.524565820433923,1.0984411047038785e-15
612,289342.0,0.7670197,3802262742106912.0,105.14839013521629,1.087853720543534e-12,5392.698089090885,2552521.5,0.524565820433923,2.0172716932627822e-16
613,337502.0,7.3102994,5283602852604490.0,87702.66261963826,2.1009695118083385e-09,1518499.8450030105,673242986.6,0.524565820433923,1.3835823024428252e-15
614,169688.0,4.0268497,2576801303551823.0,25216.999714485213,6.996767540974261e-10,447726.6613708369,85273284.05,0.524565820433923,1.5627319399634936e-15
615,74866.0,27.576515,6249786651559859.0,131104.16158499153,3.2696706825369415e-09,741019.8201881561,463887369.71,0.524565820433923,4.412393020346909e-15
616,101633.0,7.8538084,4219674766341105.5,74369.2157664471,1.9846447953766007e-09,1066305.0505791367,335409921.88,0.524565820433923,1.861235482565417e-15
617,140248.0,0.24380712,4100456241612798.5,303.54702875407975,1.5020973550117616e-11,252629.3930574322,3504034.46,0.524565820433923,5.945853476639111e-17
618,279529.0,1.7727951,1384351141818139.5,2310.5628609336723,6.168864492602258e-11,48171.80848511661,20425993.4,0.524565820433923,1.2805964082723238e-15
619,310577.0,7.2422767,2970749933679130.5,66917.7853794556,1.7747484997300738e-09,727994.0005427097,432962785.08,0.524565820433923,2.437861436230275e-15
620,356299.0,2.0417073,1916973628890421.8,12960.510547102542,2.969104288723508e-10,278771.33137097646,59227417.85,0.524565820433923,1.0650680161843314e-15
621,213904.0,34.11929,8604028855237741.0,252886.1466782746,6.71944798009776e-09,1694476.1837667222,1556272904.27,0.524565820433923,3.965501577697491e-15
622,182814.0,10.764738,7780316683117414.0,73747.25593001214,1.6016323251200315e-09,1157594.9827437988,479626837.75,0.524565820433923,1.3835860978973401e-15
623,374816.0,1.2573417,1635624484615858.2,5453.836847695614,1.2660269136006109e-10,164692.2724401652,43286325.67,0.524565820433923,7.687227183416116e-16
624,318532.0,0.8311787,820368426476180.0,17332.336353792598,4.5146463211263594e-10,445592.903013384,63590679.89,0.524565820433923,1.0131773398084743e-15
625,203639.0,5.306879,7227432722318828.0,47863.321119388995,1.2924951182001871e-09,1760247.6918575633,323671848.59,0.524565820433923,7.342688896448637e-16
626,76890.0,1.3933829,1173903987653531.0,4179.037849237711,9.552834992523365e-11,80481.18784233226,10337662.89,0.524565820433923,1.1869649602138045e-15
627,8.0,0.8602918,3940799735067099.0,2324.3913822642,5.51489683275364e-11,252624.79518505148,5655717.8,0.524565820433923,2.1830386161080882e-16
628,84847.0,8.651919,7098354130498516.0,185491.47294195255,4.037662969380374e-09,3312647.935823496,708806415.23,0.524565820433923,1.2188626885810749e-15
629,311992.0,0.35360536,390541251866010.06,4240.154189871789,7.156718077082105e-11,79042.73954093202,17784219.55,0.524565820433923,9.054238401461305e-16
630,119299.0,27.726635,8139774794333347.0,354024.5893608604,7.98713802940691e-09,2344803.284301455,1322964034.1,0.524565820433923,3.406314756926986e-15
631,282374.0,11.894717,5636162371289766.0,230341.82869760456,5.166964859746417e-09,2448301.4531812114,1256363037.01,0.524565820433923,2.1104283759798853e-15
632,81223.0,0.48498353,1086202462631344.2,15293.120658813526,4.230372519347173e-10,947463.3186745256,42053840.28,0.524565820433923,4.464945962515303e-16
633,358583.0,7.86597,4691900328765897.0,29193.472739114677,7.105253866292945e-10,423814.7736544257,180790965.65,0.524565820433923,1.6764998079294182e-15
634,202527.0,3.5115957,5012011760566106.0,10810.205238631179,2.404004943033417e-10,343117.5475850633,46695402.16,0.524565820433923,7.006359657071846e-16
635,278236.0,3.5114334,2016818874566998.0,13069.844795613626,3.1431896548687463e-10,180531.52374420702,64985409.6,0.524565820433923,1.7410752369886905e-15
