,id,sfr,sfrd,snr,snr_solar,snrd,mass,z,halo_volume
0,289095.0,1.363581,2714869696213563.5,0.00025418473222801023,2.0377205339793015e-10,506078059730.9467,5213663.7,0.0095216669679447,5.022638846725463e-16
1,280905.0,0.9994286,1452384836876616.0,0.00037957179269432705,2.613059332492985e-10,551599500169.7118,35000164.54,0.0095216669679447,6.881293267625213e-16
2,453485.0,6.3419194,8181970303072693.0,0.00682841045178006,5.67952061946023e-09,8809612360203.701,141780062.9,0.0095216669679447,7.751090709310358e-16
3,421352.0,0.16869926,391348218370167.25,0.0,0.0,0.0,1058441.2,0.0095216669679447,4.310720020716467e-16
4,486579.0,2.7521312,3521611935266339.0,0.0006293474668012124,4.1065904157764753e-10,805309554470.6537,18656383.8,0.0095216669679447,7.814975785490279e-16
5,373722.0,0.17850058,1135125073566735.5,0.0008261817340828778,6.345850433561171e-10,5253874254528.022,19816886.0,0.0095216669679447,1.572519047959394e-16
6,180671.0,3.1115077,5529315611038781.0,0.0020379185757356277,1.6786704857979221e-09,3621490313149.771,53950097.1,0.0095216669679447,5.627292632361508e-16
7,202219.0,0.25559464,748034251462222.0,1.6380947715347042e-05,9.1703349970865e-12,47941185161.36105,3851512.4,0.0095216669679447,3.416884180107738e-16
8,412610.0,2.618799,4212937203730464.5,0.00045966595313653584,3.253942418998459e-10,739477827529.7708,8200294.4,0.0095216669679447,6.216088380527273e-16
9,498679.0,0.5514343,3565165500331464.0,3.66486056113685e-06,3.062459917166531e-12,23694272257.076694,10131078.14,0.0095216669679447,1.546728475715171e-16
10,325479.0,5.0348964,3999139826804563.5,0.0027634333948245993,2.2728998805732272e-09,2194952124132.0466,96821008.6,0.0095216669679447,1.258994838403297e-15
11,384137.0,1.5922092,2504200758319504.0,3.475984407662921e-06,2.4930583763821047e-12,5466971795.90236,3923348.8,0.0095216669679447,6.35815317406295e-16
12,288594.0,4.9123235,3632397227843371.0,0.0008908685408170745,6.070507576398914e-10,658749045749.2896,20081439.0,0.0095216669679447,1.3523640703020105e-15
13,491336.0,2.5838363,4401100343542501.5,0.0004243969972950699,2.5981336886255906e-10,722883942219.458,47059846.0,0.0095216669679447,5.87088704712476e-16
14,468832.0,2.797957,2712771564614987.0,0.0018356224148460079,1.524799103153947e-09,1779735818085.891,112986095.73,0.0095216669679447,1.0314016250008514e-15
15,335108.0,1.6898801,2660455464695136.5,0.00015115980306779287,1.1178935759476621e-10,237977785591.97787,1352184.2,0.0095216669679447,6.351845097296695e-16
16,356154.0,1.2248589,4763356980646775.0,3.965140870721871e-05,3.197860590911278e-11,154200467056.2532,1239935.5,0.0095216669679447,2.571419494647422e-16
17,375887.0,4.556031,5207065569788997.0,0.0026375971557430094,2.1741689110425363e-09,3014496902379.025,55232236.99,0.0095216669679447,8.749709291993074e-16
18,148022.0,1.5814642,3052742169125812.0,0.001172936723843075,8.147612257392056e-10,2264150777862.7124,35944262.95,0.0095216669679447,5.180470909054434e-16
19,466663.0,1.2697626,1973524624416649.2,1.229541206091575e-07,1.76523062455711e-13,191101064.63654462,2263773.8,0.0095216669679447,6.433984072407138e-16
20,295346.0,2.571809,3961717048578555.5,0.0008327223788080693,6.298199864172746e-10,1282758729305.6438,36792042.61,0.0095216669679447,6.491652403401076e-16
21,215442.0,1.3926126,1309006369985713.0,0.0008301019784949841,8.139024025996565e-10,780266369547.1932,27657317.87,0.0095216669679447,1.0638699947771832e-15
22,330534.0,0.10088526,740250445749432.1,4.379393762307988e-07,2.732525505890118e-13,3213401228.941444,1602690.9,0.0095216669679447,1.3628530800527031e-16
23,465881.0,2.4745393,3559194400431712.5,0.0,0.0,0.0,8432596.5,0.0095216669679447,6.952526391084035e-16
24,317234.0,2.3522584,2088254586925063.5,6.3584540674586486e-06,3.972789314051157e-12,5644818133.978329,5544367.5,0.0095216669679447,1.1264231931910562e-15
25,6.0,1.9826267,5241815210899454.0,0.00022826179609015124,1.3915556749760086e-10,603495430991.9181,10698888.5,0.0095216669679447,3.7823284878060343e-16
26,236914.0,8.397313,3705722721807475.5,0.004827514253562146,3.5796027342804073e-09,2130375425957.6482,126434585.92999999,0.0095216669679447,2.266039212967394e-15
27,278872.0,0.1695741,1575555487002692.8,2.2104674526079557e-05,1.6196731916714202e-11,205380074185.6999,1364761.4,0.0095216669679447,1.0762813585359319e-16
28,75187.0,4.1790867,2712488935234170.5,0.0003260443101832855,2.2005207898182643e-10,211623172060.11057,9876112.85,0.0095216669679447,1.5406834091432773e-15
29,319760.0,0.1525689,483509131899564.2,0.0018536233744484557,2.1367886609870674e-09,5874354659752.503,71896146.01,0.0095216669679447,3.155450226981277e-16
30,260155.0,0.6397896,2302739347514329.0,8.08666539043015e-05,4.2364485728389844e-11,291056350161.4567,4892553.4,0.0095216669679447,2.778384799350456e-16
31,130805.0,0.5866972,2170589880446611.0,0.0005795597485766944,5.047845293153487e-10,2144183618695.9048,9672273.7,0.0095216669679447,2.7029389811735593e-16
32,170697.0,5.5713005,2075583511677356.8,0.001800229864579422,1.211382063554052e-09,670674185345.0929,48762137.21,0.0095216669679447,2.684209268697468e-15
33,17207.0,0.18536985,639505580815240.1,0.0004934810885166549,4.035935951023361e-10,1702455443175.793,8223502.5,0.0095216669679447,2.8986431950084156e-16
34,281556.0,4.4865413,5017802403667203.0,0.0007759100503169607,5.224001782654275e-10,867787245268.4177,18793776.9,0.0095216669679447,8.941247460683312e-16
35,189071.0,0.94319224,3710656296664382.0,0.00019451395342802333,1.5086081102793406e-10,765246357494.1807,5142973.899999999,0.0095216669679447,2.541847491636084e-16
36,195087.0,0.9152908,994425830726795.6,0.0002125393019012132,1.4978028510786624e-10,230915214984.36032,11350414.16,0.0095216669679447,9.2042138460044e-16
37,468662.0,1.1972687,3670180132319824.5,0.00019533284366668983,9.804201685274417e-11,598785153253.417,8496064.1,0.0095216669679447,3.262152419868389e-16
38,366709.0,1.1626751,2746931086678061.5,2.016719315878816e-05,1.7151116205577176e-11,47646922015.37328,1175853.1,0.0095216669679447,4.2326329394963254e-16
39,264547.0,3.0204759,3091710228531899.5,3.4787444439870795e-05,3.1977520009381035e-11,35607864906.06784,5175945.96,0.0095216669679447,9.76959571477782e-16
40,219962.0,4.6177363,2.2949324706890052e+16,0.011236353887560587,1.0158658099909702e-08,55842672065781.3,379107137.71999997,0.0095216669679447,2.012144740195175e-16
41,343858.0,0.47011185,518229428134750.56,0.00033319378616198216,2.4111191968725493e-10,367297325648.7289,8511953.8,0.0095216669679447,9.071500468278329e-16
42,402213.0,0.8350436,3809074813018599.0,0.00011133940378424333,5.5170076165360546e-11,507877814584.854,2018112.2,0.0095216669679447,2.192247831798946e-16
43,113672.0,10.4469185,4364920069639305.0,0.0022198668700097518,1.6147711777687985e-09,927502349408.8665,58486284.07,0.0095216669679447,2.3933813983593247e-15
44,379909.0,1.800921,1895570074106189.8,0.0007132502333090687,6.087495166843373e-10,750735761096.6436,15287226.95,0.0095216669679447,9.50068280039281e-16
45,168631.0,7.287921,5955284500342290.0,0.0033782102651345506,2.576471300292948e-09,2760485909610.3003,83232453.07000001,0.0095216669679447,1.2237737759768008e-15
46,334702.0,1.7046896,3227943225917509.0,0.0009373601211300472,6.273591458860782e-10,1774953782346.6228,18033073.6,0.0095216669679447,5.2810395991876835e-16
47,2.0,3.8560297,1307511563195735.0,0.0015174175213860078,1.1750215889414969e-09,514529479741.304,38023786.0,0.0095216669679447,2.9491362130483513e-15
48,282183.0,1.311102,1715488212072821.0,0.0003589208175106255,2.7677951652184406e-10,469623592601.5048,5325849.4,0.0095216669679447,7.642733950446667e-16
49,341174.0,1.0217465,3318703568542867.0,0.0005551785399388198,4.4886911674592367e-10,1803258441965.1843,16142383.9,0.0095216669679447,3.078751924953077e-16
50,427680.0,4.309066,4544041908461345.0,0.0010892403390169224,8.579561998631862e-10,1148637256630.4482,43621027.56,0.0095216669679447,9.482892294580729e-16
51,292513.0,5.2483473,5113989865372342.0,0.0021335846448321543,1.6380010065227075e-09,2078964982097.4473,74164897.56,0.0095216669679447,1.0262725265721416e-15
52,107313.0,18.668638,6293946530537143.0,0.01083407864427626,8.809148338535162e-09,3652602385600.3374,404642836.1,0.0095216669679447,2.9661259290054325e-15
53,130801.0,3.9833963,5027727987318426.0,0.0014491452364696871,1.1276922976140775e-09,1829069345444.6963,28782663.2,0.0095216669679447,7.922855631902576e-16
54,295788.0,5.565856,2819184918962055.0,0.0013286980661423677,9.677055359854842e-10,673004394997.3931,46236210.8,0.0095216669679447,1.9742784386237395e-15
55,383370.0,3.5276997,2803977769060917.5,0.0026978884411928143,2.132270336807222e-09,2144405662565.627,63755390.35,0.0095216669679447,1.2581054453871312e-15
56,173168.0,0.43172657,4854689445707383.0,5.018485731709274e-05,4.53545931624675e-11,564319905424.4474,2681495.1,0.0095216669679447,8.892980175729707e-17
57,356637.0,2.281673,3123440959623316.5,1.1001596449227056e-05,7.27346631981357e-12,15060368848.104977,2826040.5,0.0095216669679447,7.304998011792633e-16
58,453025.0,4.3986206,2990578729508818.0,0.0013709889764693735,1.052710730941782e-09,932121872802.6631,27111061.5,0.0095216669679447,1.4708258828291885e-15
59,471669.0,1.5360689,3552874252588676.5,0.00021646632156189312,1.9803530304978925e-10,500679116952.2611,8538558.5,0.0095216669679447,4.323454169200606e-16
60,422880.0,17.126581,9364012933203334.0,0.03319725325049269,2.590563418373105e-08,18150704380777.457,1656568029.76,0.0095216669679447,1.8289787852889233e-15
61,212596.0,1.0154563,1052896865234800.1,5.105186571567542e-06,4.513484145887753e-12,5293418276.731614,1131096.6,0.0095216669679447,9.644404248212377e-16
62,410041.0,0.4997411,646360678350230.1,2.632532329986147e-07,1.7828783138263084e-13,340489381.91970956,1476563.1,0.0095216669679447,7.731613582613632e-16
63,310522.0,2.6206076,3520367250353976.5,0.0003068281238693343,2.4186144489666405e-10,412174519663.74426,3906107.5,0.0095216669679447,7.4441312898149915e-16
64,313368.0,2.623665,4504841857619063.0,0.00022924744765922658,2.1935928657598935e-10,393618658619.7625,2079598.0,0.0095216669679447,5.824100119214133e-16
65,101920.0,1.7842246,2874172260672100.0,0.00034574714403161545,2.2106265994052752e-10,556957263442.2092,16298746.7,0.0095216669679447,6.207785888180462e-16
66,232316.0,2.5090168,3328417257163718.0,0.0011921091183036052,9.099434228600265e-10,1581430846451.0657,16418409.9,0.0095216669679447,7.538167862217001e-16
67,211021.0,11.9936,8084557873037085.0,0.01796321322688502,1.4351814367845463e-08,12108510949044.254,780460712.79,0.0095216669679447,1.4835195923329356e-15
68,75188.0,1.794468,3282010370553095.0,8.844506894693618e-05,6.010008832856867e-11,161762502038.55853,1471629.6,0.0095216669679447,5.467587842196825e-16
69,372587.0,0.5046892,694236864830957.4,0.00022553449802590673,1.6451408639919584e-10,310239178529.53705,7346390.9,0.0095216669679447,7.269697499035705e-16
70,145124.0,13.648567,4039824975080192.5,0.003676639145210127,2.562463330797396e-09,1088244549275.9323,62825544.35,0.0095216669679447,3.378504535268652e-15
71,410718.0,0.4799048,1217366016268247.2,0.00011995287101290946,1.198869032443992e-10,304282325838.2173,1000550.25,0.0095216669679447,3.942157030727008e-16
72,301313.0,2.5800886,2055680427672420.0,0.0005008092531745238,3.8531509084522077e-10,399018770032.9789,33296612.509999998,0.0095216669679447,1.2551019921522288e-15
73,75192.0,2.2429118,1359095311777658.5,0.0007531080212420312,6.259574367775072e-10,456346781416.9928,25111403.84,0.0095216669679447,1.6502976506234388e-15
74,433151.0,4.7450433,3715468155260049.0,0.003273633368671703,2.4448023923289826e-09,2563323401768.8296,186065816.44,0.0095216669679447,1.2771050919336677e-15
75,275421.0,1.6486617,1712126622719703.8,5.629699614224944e-05,3.0215956938755986e-11,58464138442.89203,1863154.5,0.0095216669679447,9.629321091807509e-16
76,438496.0,1.5227966,2010062488659374.0,3.799546568703378e-06,3.00989313235953e-12,5015329054.231601,5932794.9,0.0095216669679447,7.575866962303447e-16
77,497431.0,6.04052,5021642551902366.0,0.0018872240919462378,1.6755960561706717e-09,1568898837367.0696,158985011.43,0.0095216669679447,1.2028972467806673e-15
78,292058.0,7.8688335,5333575285571317.0,0.0015974567263945757,1.2037808178109723e-09,1082772397670.8582,78781328.74,0.0095216669679447,1.4753393509391728e-15
79,416300.0,7.6438093,9997576216078884.0,0.010722038927250882,8.66025631276608e-09,14023688603397.701,501675841.95,0.0095216669679447,7.645662443369653e-16
80,352224.0,0.6931924,3732730428070847.0,1.4188809416408603e-05,1.1291040997287247e-11,76404473919.11185,6298255.75,0.0095216669679447,1.8570652592189904e-16
81,280282.0,2.0964634,3256237689111067.0,9.109844196810605e-05,9.139817680504758e-11,141494566590.49915,996720.56,0.0095216669679447,6.438299657947642e-16
82,224562.0,2.5335283,4531511766678873.0,0.0004843519242272696,3.838464297931862e-10,866320081701.6436,14797453.620000001,0.0095216669679447,5.59091188646921e-16
83,342451.0,2.4953377,3437225509917997.0,3.75073248556203e-05,2.3695944536555074e-11,51664804247.74549,1582858.4,0.0095216669679447,7.259743920786658e-16
84,363051.0,2.2599387,4900021989928754.0,0.0006471694115363617,5.095257222245774e-10,1403199276041.1702,16406411.5,0.0095216669679447,4.61209909801417e-16
85,87817.0,0.3292872,1591056629827088.0,0.00010584585543131105,8.396085425229876e-11,511428169767.02075,1260657.2,0.0095216669679447,2.0696133237934222e-16
86,345986.0,1.8114244,2180087204237587.5,0.0004544504882651653,4.387710738085434e-10,546940680729.71234,12780776.4,0.0095216669679447,8.308953864226202e-16
87,60445.0,0.6652956,1094948801651322.2,0.0003269610613236744,2.539651491518143e-10,538115120982.31494,5135063.8,0.0095216669679447,6.076042998509606e-16
88,298130.0,3.5210657,3701376919910491.0,6.675667250461166e-05,3.541662500015871e-11,70175233270.59557,1884896.5,0.0095216669679447,9.512853665508749e-16
89,487492.0,2.0936728,4528078725924746.0,0.0009244265121401427,6.335578210421204e-10,1999298086741.4407,30618882.66,0.0095216669679447,4.62375529827481e-16
90,212598.0,0.39357752,3384985269477104.5,1.4049796226309786e-05,1.2042996973957937e-11,120836050964.53079,2640608.0,0.0095216669679447,1.1627156063246263e-16
91,272454.0,0.14534576,606009894794686.0,2.7868168304597728e-05,1.9432354091638968e-11,116194553885.78156,1434111.8,0.0095216669679447,2.398405723214183e-16
92,52398.0,2.1403267,1619505989206329.2,0.0018186945443064704,1.4777392973543808e-09,1376138842281.0425,26682999.36,0.0095216669679447,1.3215923338751648e-15
93,121172.0,1.6629434,2946492829018774.5,0.0,0.0,0.0,5482915.9,0.0095216669679447,5.643806031436312e-16
94,476198.0,0.39353275,901374853253264.1,7.863717823554457e-05,5.122645526757961e-11,180116076723.76636,1535089.2,0.0095216669679447,4.365916672510354e-16
95,154807.0,8.592389,4341719552499367.5,0.0023091193747609715,1.7685838623211713e-09,1166794093988.8572,63725885.72,0.0095216669679447,1.979029022050418e-15
96,284603.0,2.1985755,1501649995138535.5,0.0008741586296892686,6.586964720432261e-10,597059460556.71,17954569.2,0.0095216669679447,1.4641064876087649e-15
97,239264.0,5.3526344,6842408167361364.0,0.004026252446178169,3.1412411632943345e-09,5146860510702.575,181007956.15,0.0095216669679447,7.822734728881477e-16
98,260154.0,0.5978345,4330748119218518.0,0.0003197312401826144,2.82481533797412e-10,2316151823081.9087,3696531.66,0.0095216669679447,1.3804416316594258e-16
99,7.0,1.819414,3457391243609603.5,9.957804437604676e-05,9.583040473795938e-11,189225903879.77258,1039107.0,0.0095216669679447,5.262389679972944e-16
100,454671.0,0.83392185,1712343903843261.5,0.004800385121660122,4.995581873490487e-09,9856931077144.225,203969493.17,0.0095216669679447,4.870060553422173e-16
101,293036.0,1.0829469,2711248639188259.0,3.124179447832605e-06,2.449398131052697e-12,7821645988.844029,4852997.4,0.0095216669679447,3.9942736506978263e-16
102,405893.0,5.5480833,5130216077524119.0,0.002388181201447702,2.101754932761371e-09,2208309596885.0845,93288176.34,0.0095216669679447,1.0814521681273017e-15
103,256582.0,7.722321,2801441544103248.5,0.0015517758813748056,1.0483816740725047e-09,562940781822.0474,46493420.0,0.0095216669679447,2.756552609942801e-15
104,370463.0,2.7952418,3977875507474252.0,0.00034760503497330693,2.3220143271235327e-10,494672609323.11774,16521166.9,0.0095216669679447,7.026971544855701e-16
105,215443.0,4.2688303,4146446172152705.5,0.0012970071362377708,8.918204762725363e-10,1259822925101.4844,34765529.32,0.0095216669679447,1.0295154266487817e-15
106,252208.0,2.4281926,2821147490518220.0,6.290793654811543e-05,5.023662367623118e-11,73088340408.58012,6150520.29,0.0095216669679447,8.60710972453965e-16
107,323136.0,2.219397,3851974987172707.0,0.0018792438857077826,1.4850979978036936e-09,3261606843004.485,32810719.84,0.0095216669679447,5.761711868303186e-16
108,424915.0,7.7351475,8630068247882597.0,0.010478766703853289,7.742816555028064e-09,11691111489198.318,754215823.61,0.0095216669679447,8.963020080284802e-16
109,121169.0,1.2621617,4127177279908731.5,0.0007896568408029154,5.442340277423058e-10,2582120636592.204,13464813.9,0.0095216669679447,3.058171758563062e-16
110,107312.0,0.9075164,1683128051018239.2,6.333421372556707e-05,5.164241278497823e-11,117462992085.5274,1226399.2,0.0095216669679447,5.391844069445467e-16
111,269323.0,0.9439876,1.133152546231251e+16,0.0005873647337356905,6.338993743541523e-10,7050662991749.452,41783389.71,0.0095216669679447,8.330631238835458e-17
112,451887.0,1.1523777,2988075157009944.5,4.4448735072198685e-07,7.174553719922097e-13,1152540187.3860757,619533.1,0.0095216669679447,3.856588738394189e-16
113,3.0,1.9902471,1450377848856278.8,0.00023278351217519478,1.3480691579715003e-10,169639262199.08493,6975924.9,0.0095216669679447,1.372226624647808e-15
114,446253.0,0.91351,3995244478709805.0,4.2538615423642005e-05,2.8377886581932952e-11,186043030074.40036,7287145.3,0.0095216669679447,2.286493366971631e-16
115,429931.0,2.8997912,3095105092786017.0,0.0001655496150195548,1.3146811469317239e-10,176700121221.0688,2275533.7,0.0095216669679447,9.36895876898898e-16
116,400718.0,0.3741581,522193725020239.2,0.00026270834911466215,1.6209575242663507e-10,366648888312.46173,4769004.0,0.0095216669679447,7.165120568721854e-16
117,294852.0,4.1665325,8254161197931038.0,0.006605742437436053,5.470461739731142e-09,13086388480255.72,127743690.1,0.0095216669679447,5.047796378200573e-16
118,41540.0,0.67682946,1266042270315904.0,0.0002238395398527242,1.3041496475442229e-10,418702695390.3724,6113553.0,0.0095216669679447,5.346025767616091e-16
119,219963.0,4.7847342,1931631643513655.5,0.013608548261802933,1.0793469257619167e-08,5493868905984.642,348809263.72,0.0095216669679447,2.4770427716210555e-15
120,323995.0,8.344107,7729522411760424.0,0.007487357226612834,5.803401876200356e-09,6935876480006.821,217143766.04,0.0095216669679447,1.0795113275439228e-15
121,17202.0,0.21613006,455526836540509.8,0.0017351470728216754,1.2583819389165525e-09,3657085261601.2017,28885431.61,0.0095216669679447,4.744617499188319e-16
122,161779.0,6.059358,4963003572809245.0,0.001043897633553082,9.089067243447131e-10,855019242132.7577,21911117.5,0.0095216669679447,1.2209054277529317e-15
123,349558.0,0.25875577,614965685455906.8,1.7555725850214362e-06,1.0061807982110819e-12,4172339415.330934,1744788.4,0.0095216669679447,4.207645664134424e-16
124,113673.0,6.048709,7543085155339639.0,0.0052191869001293285,4.383361164544862e-09,6508623778943.35,140898533.82,0.0095216669679447,8.018879378178844e-16
125,266828.0,2.3402038,4566705828632936.0,3.546656188258833e-05,2.0771936977086415e-11,69209935848.65851,3273006.0,0.0095216669679447,5.1244899229704715e-16
126,242439.0,13.252582,3873048284252777.0,0.004582575628059061,3.36682636563539e-09,1339251224683.0645,172948098.13,0.0095216669679447,3.421744586527097e-15
127,243246.0,3.801213,3869137466245382.5,0.0013703069874867121,1.131258322453426e-09,1394793216150.392,39305815.29,0.0095216669679447,9.824445456285904e-16
128,263705.0,1.3001279,4565998834334788.0,0.0003960403351993481,3.5864484830290426e-10,1390878319640.5388,5598537.86,0.0095216669679447,2.847411808832433e-16
129,195086.0,0.27581087,5677566476989008.0,0.00013566523389143287,1.4969675041640911e-10,2792668700964.8037,906267.06,0.0095216669679447,4.857906483664303e-17
130,361600.0,2.6628275,3592137501304531.0,0.0005699260228030537,5.562368355074513e-10,768826609864.9614,7685707.6,0.0095216669679447,7.412933104684773e-16
131,192957.0,4.8871145,5220133911680604.0,0.0016104963404419553,1.1453369488236941e-09,1720239327598.844,42374170.14,0.0095216669679447,9.362048144137764e-16
132,359782.0,0.59135187,2611489354531963.5,1.4979250136619286e-05,9.581713067455814e-12,66150382293.79866,1563316.5,0.0095216669679447,2.264423819969901e-16
133,145125.0,2.9709675,3791482070437457.5,0.0004793014649563093,3.410905593879295e-10,611673776544.595,7597888.26,0.0095216669679447,7.835900169922768e-16
134,337640.0,0.7333795,1936314528836133.8,0.00013611352651253264,1.0743775194424115e-10,359375465168.22363,12620157.9,0.0095216669679447,3.7875019222254895e-16
135,327933.0,0.23215549,340212623049408.1,0.00014888129927883044,8.810023491889513e-11,218178331042.9353,5214856.0,0.0095216669679447,6.823835280394188e-16
136,200393.0,0.22912364,316273404939835.1,0.00024243170040761565,1.2490727229409697e-10,334643336467.9028,1940893.4,0.0095216669679447,7.244480137164436e-16
137,388688.0,0.5333837,2310406660464192.0,0.0,0.0,0.0,1111533.5,0.0095216669679447,2.3086139298647796e-16
138,221653.0,10.920988,3135540052918429.5,0.006201690961295723,5.092731368562188e-09,1780576116827.977,156778248.87,0.0095216669679447,3.482968744039867e-15
139,407133.0,1.9169198,7157159006512929.0,0.002129926366405709,1.8116990426018209e-09,7952456684171.126,38094067.06,0.0095216669679447,2.678325014514315e-16
140,436120.0,1.490875,1869817482020165.8,0.0003259640419988264,2.2796198960843685e-10,408815805643.90784,6053279.8,0.0095216669679447,7.973371809473333e-16
141,390972.0,2.8912997,2865793383011221.0,0.000648689192509068,5.207049258165402e-10,642966620002.5474,20644443.21,0.0095216669679447,1.0089002637594125e-15
142,314934.0,2.631206,4271760862829945.0,0.00042173431750527993,3.182907096918272e-10,684685331377.0767,18573381.3,0.0095216669679447,6.159534872129723e-16
143,444217.0,1.0980614,2236796474234970.2,0.0005960483501001645,5.032876539851232e-10,1214175134448.419,34797282.18,0.0095216669679447,4.909080520504483e-16
144,212597.0,0.85642385,1927010699959276.8,0.0012884435952418105,9.95458917473164e-10,2899083899082.1753,58563449.62,0.0095216669679447,4.444312893634159e-16
145,440122.0,3.7610672,6182338609161578.0,0.004519449211717649,3.8089521989221994e-09,7428946059178.862,166476270.35,0.0095216669679447,6.083567138212864e-16
146,348676.0,0.78422517,4629833563729089.0,6.3960482335679265e-06,5.609579076504948e-12,37760377911.61808,1140201.1,0.0095216669679447,1.6938517534274984e-16
147,159673.0,0.40801322,2907739420896143.5,0.00014443723277731858,6.392242807972514e-11,1029343695264.9764,2259570.5,0.0095216669679447,1.4031973328416526e-16
148,254226.0,5.2517805,3047731804970587.0,0.001330325048023324,1.1250870129869054e-09,772018929543.9343,37332926.28,0.0095216669679447,1.723176721598272e-15
149,182767.0,15.700791,1.3702728910499952e+16,0.02628737770876005,2.1046661045579635e-08,22942080466586.58,1029308536.73,0.0095216669679447,1.1458149031882984e-15
150,223302.0,5.6114497,5296244424788770.0,0.0035474173415030075,2.7419096246589894e-09,3348152495661.5586,118286238.81,0.0095216669679447,1.0595148656160825e-15
151,267567.0,8.050143,5104195765906553.0,0.0024507767559426557,1.8116994402675036e-09,1553915792659.174,72494432.32,0.0095216669679447,1.5771618819503133e-15
152,82417.0,6.721693,5433748665436215.0,0.003380276038942683,2.8646400583050796e-09,2732580975568.3306,123025820.62,0.0095216669679447,1.237026850865652e-15
153,386533.0,2.0319571,4011100722768502.5,0.00032667117809939266,3.32493309114364e-10,644851704094.5953,7190180.94,0.0095216669679447,5.065834144891586e-16
154,113674.0,2.7948258,3606567138977685.5,0.00012599173897036075,1.0323170759255146e-10,162585326625.06458,1220475.2,0.0095216669679447,7.749268743107937e-16
155,369546.0,0.5215252,1902562261444370.2,3.194328242412869e-05,2.871546849958908e-11,116531442098.68762,1112406.8,0.0095216669679447,2.741172841324379e-16
156,363580.0,0.11394622,1000803205648000.8,2.2018937526195906e-05,1.2240885979482076e-11,193394947732.18384,1798802.6,0.0095216669679447,1.1385477120471654e-16
157,75185.0,1.2825029,5839804635250742.0,0.0003718644798069995,2.171039497905708e-10,1693263939490.5242,5197049.6,0.0095216669679447,2.1961400767731907e-16
158,410573.0,1.1479183,3345505789298841.5,0.000412604500561918,3.912218444479085e-10,1202499119772.421,4874225.54,0.0095216669679447,3.4312249695451376e-16
159,291582.0,7.221597,4122829227764082.5,0.0023062933889403127,1.749441210758154e-09,1316669123425.4968,52921017.8,0.0095216669679447,1.7516119637864457e-15
160,434865.0,3.029913,4411221193979349.5,0.000982420496159771,8.451203541973623e-10,1430296551108.7908,21044750.1,0.0095216669679447,6.868648990296323e-16
161,415261.0,0.18697873,651737603300084.8,6.347745897493875e-05,4.723480431029499e-11,221258572971.94196,2664332.2,0.0095216669679447,2.868926528916391e-16
162,330536.0,1.8744986,3671671059635185.5,6.556746049466587e-05,4.525544460760527e-11,128430155750.47003,3037749.1,0.0095216669679447,5.105301018403998e-16
163,360993.0,0.63129455,4738070502622229.0,0.00017379364077681499,8.596755836464281e-11,1304377683773.685,2021618.9,0.0095216669679447,1.3323874130843295e-16
164,31158.0,5.272995,6995860135866153.0,0.005806783631633208,4.915467180530509e-09,7704055499036.667,158131678.99,0.0095216669679447,7.53730763279068e-16
165,184895.0,10.935883,7043618235737036.0,0.00616549857312411,4.595983861696656e-09,3971093891738.569,227259953.43,0.0095216669679447,1.5525945095256404e-15
166,205552.0,5.195538,4594382069074345.0,0.0009256361350654169,7.52613614011481e-10,818534300284.5577,19882277.5,0.0095216669679447,1.130845872608669e-15
167,142118.0,1.2415789,1768145719197598.0,9.627468927652989e-05,8.094407023057156e-11,137105809152.66458,5832598.6,0.0095216669679447,7.021926340796395e-16
168,455378.0,1.321692,6078063696773297.0,0.00021779986730463728,2.239125841758589e-10,1001596034950.9243,1923360.7,0.0095216669679447,2.1745280502763663e-16
169,372441.0,0.64314556,1359523545990705.0,7.717875415434692e-07,5.180519947495001e-13,1631455459.6794944,1489787.8,0.0095216669679447,4.730668783903483e-16
170,225600.0,7.8345795,5872683083653642.0,0.005059099982654951,3.7069585138601297e-09,3792225337256.475,148566285.01,0.0095216669679447,1.3340715629295936e-15
171,356932.0,2.6422155,2231669724905694.5,0.0009811731596652815,7.69778228656981e-10,828719094000.8754,30583878.34,0.0095216669679447,1.1839635007423216e-15
172,410221.0,1.9873137,9694715840632448.0,0.003546095572224573,2.8469491638585254e-09,17298924128808.727,158238199.8,0.0095216669679447,2.049893707735899e-16
173,430159.0,1.5871656,4866167144168786.0,2.1017156329294832e-06,1.354555009676185e-12,6443750771.4049225,1551591.2,0.0095216669679447,3.2616339574400533e-16
174,180673.0,2.2573245,4165552359730950.5,0.0006010515631657209,4.667982236101095e-10,1109150127624.5151,82965507.45,0.0095216669679447,5.419028030524621e-16
175,383369.0,1.417653,1084659639219850.2,0.0009201556747407606,8.299752620181255e-10,704019758142.7975,30746133.98,0.0095216669679447,1.3070026289718477e-15
176,118020.0,0.5998587,2467247153073907.0,0.0005006920747475341,3.087237412989568e-10,2059370141647.5603,12708825.35,0.0095216669679447,2.431287434064499e-16
177,300268.0,0.39321902,1195687954884731.5,8.948275860035869e-07,8.390965549280324e-13,2720963411.899735,1066417.9,0.0095216669679447,3.2886424789476755e-16
178,133921.0,9.306841,6138718809653794.0,0.007476092497147635,5.457891329466054e-09,4931171558099.2295,296187150.75,0.0095216669679447,1.5160885012950901e-15
179,145126.0,9.232894,2816297872941551.5,0.0049935407626328565,3.894686678669607e-09,1523173365604.5273,203805716.93,0.0095216669679447,3.2783797796063658e-15
180,228061.0,4.1486883,2482489798221763.0,0.0006888314300639921,4.952833972922925e-10,412182568121.19824,17801091.8,0.0095216669679447,1.6711804024216957e-15
181,328622.0,0.7548785,1001366206330183.9,0.00019850288058349217,1.9520205318021593e-10,263319297708.8433,4970768.9,0.0095216669679447,7.538485872880469e-16
182,226957.0,1.3592526,4530609678768185.0,2.480279554243618e-06,1.3715716601327774e-12,8267174588.819603,1808348.5,0.0095216669679447,3.000153834416306e-16
183,342236.0,2.9605489,3108780553487699.0,0.00014754536259668302,1.5102000056569852e-10,154932807898.51486,976992.2,0.0095216669679447,9.52318392714661e-16
184,375047.0,1.3013884,1187204173780448.0,0.0005230502045115588,4.880657314908528e-10,477157615584.12506,9387877.5,0.0095216669679447,1.0961790976997257e-15
185,250509.0,3.3576527,5129747779701956.0,0.0046407841023972975,3.7186051468323474e-09,7090087651217.969,131539646.72,0.0095216669679447,6.545453780955842e-16
186,407016.0,9.550003,8485620544411122.0,0.011059222925906446,8.47658049673646e-09,9826632438261.455,400853920.61,0.0095216669679447,1.125433661571152e-15
187,400189.0,6.130415,5164792389144931.0,0.0024831188057429067,1.8615632777744692e-09,2091994279219.8594,131886679.63,0.0095216669679447,1.1869625220337144e-15
188,451754.0,9.536133,7726842827351663.0,0.0077383844079126135,5.972622631224859e-09,6270181011272.549,398856643.25,0.0095216669679447,1.2341564611931497e-15
189,468449.0,0.6936471,2729958022282181.5,4.728323779331151e-05,4.6754735687284157e-11,186090671082.35123,23974049.29,0.0095216669679447,2.5408709377154713e-16
190,365174.0,2.8837302,2574947032818693.5,0.0008810862939292549,5.905554995190852e-10,786741609256.7723,32203354.7,0.0095216669679447,1.1199182597722385e-15
191,308624.0,0.83667016,2592873120227486.0,2.172285124520009e-07,1.8383319111995818e-13,673199544.8287468,1181661.0,0.0095216669679447,3.2268071795452713e-16
192,265834.0,1.7091358,4481132285909700.0,9.197946314417252e-05,6.579533562145225e-11,241158216881.2992,7052159.5,0.0095216669679447,3.8140712903614583e-16
193,488156.0,0.14097162,9185603587523374.0,0.00015682846438044908,8.960787806286993e-11,10218823512412.178,7006402.9,0.0095216669679447,1.5347017608236326e-17
194,150466.0,5.1322427,4362723755205547.0,0.0005027655606043087,3.2481006251169836e-10,427381825599.8789,29214688.9,0.0095216669679447,1.1763849805700562e-15
195,360562.0,2.459314,4924257981530384.0,0.0013261937770737183,8.981041853788844e-10,2655423541610.0522,66174026.7,0.0095216669679447,4.994283421429685e-16
196,446343.0,2.1348472,5854407363549834.0,0.0006503643367759397,5.20122596103713e-10,1783498960586.6245,22920724.61,0.0095216669679447,3.646564148049872e-16
197,186856.0,36.625122,1.0379989176368406e+16,0.049191116483536315,3.8270762207988625e-08,13941339408305.166,2346959604.68,0.0095216669679447,3.528435471145052e-15
198,378309.0,0.3312738,1378963873874445.0,9.754755738457396e-07,5.563017558051525e-13,4060525088.854652,1753500.8,0.0095216669679447,2.402338496868864e-16
199,234927.0,0.5497378,3220376215297097.5,9.398530627134741e-05,5.3458085108081223e-11,550568006972.8884,1758112.1,0.0095216669679447,1.7070608005011728e-16
200,344158.0,9.675691,3930448680121446.5,0.011088606632391567,8.762401295574431e-09,4504401732410.568,433426435.4,0.0095216669679447,2.461726837685369e-15
201,262763.0,4.481398,1.806135624777954e+16,0.0069784557318528315,5.822621611734363e-09,28125235703758.75,717862182.76,0.0095216669679447,2.481207910702134e-16
202,434504.0,0.7226292,4097824887306985.5,0.0,0.0,0.0,1607276.4,0.0095216669679447,1.763445778852933e-16
203,41539.0,36.53236,6788439766497647.0,0.03486002085340468,2.8074932298285034e-08,6477685860486.144,1121113398.46,0.0095216669679447,5.381554710155159e-15
204,285918.0,1.3043965,2965614834806600.5,0.00011036278374811889,7.237699442053181e-11,250915659996.00137,3232293.3,0.0095216669679447,4.3984015884013637e-16
205,255711.0,4.5961328,7245235968887087.0,0.0033833293937029544,2.660226678873041e-09,5333401118838.338,97347386.38,0.0095216669679447,6.343661986630913e-16
206,270227.0,0.8196671,3154114779993724.5,0.00014725086150611924,8.861817387594869e-11,566627742705.8616,3081116.0,0.0095216669679447,2.5987231193965326e-16
207,255013.0,8.360992,4652846142196397.0,0.0008070342064403312,6.604351819039259e-10,449110104884.25604,24177962.2,0.0095216669679447,1.7969629221509474e-15
208,486495.0,2.3053708,4452374556707412.0,1.3094532716225694e-05,1.0236395233102897e-11,25289538801.1751,3847095.9,0.0095216669679447,5.177845598203335e-16
209,347350.0,0.19976069,1062270100551001.4,0.0,0.0,0.0,938087.06,0.0095216669679447,1.8805075083670695e-16
210,17201.0,1.9154576,4885539409130416.0,0.00035879933247794267,2.692291805413541e-10,915148567522.8079,14488828.0,0.0095216669679447,3.920667585692314e-16
211,417770.0,7.390642,5440498652870033.0,0.004343740840840271,3.403517241236154e-09,3197572848611.533,225397438.26,0.0095216669679447,1.358449375977918e-15
212,439686.0,2.232653,1889062422471915.8,0.0005764336250737266,3.618092272819735e-10,487724290418.6374,9188812.8,0.0095216669679447,1.181884184154424e-15
213,459508.0,4.244402,1.1077099122187126e+16,0.005185975589747075,4.2980414430596244e-09,13534430916975.156,524234796.65,0.0095216669679447,3.831690908586869e-16
214,346209.0,0.97045135,5012721198620463.0,0.00014057595579865985,8.387672133348837e-11,726124059334.1185,7579771.7,0.0095216669679447,1.9359771101314695e-16
215,381750.0,10.286845,6709310903391847.0,0.006777016709170081,5.193853783312026e-09,4420122214274.984,329735115.98,0.0095216669679447,1.5332193049512066e-15
216,388326.0,0.4714697,1207596628438891.0,0.0,0.0,0.0,1310923.5,0.0095216669679447,3.9041985452500636e-16
217,60458.0,1.4178874,5173595956811395.0,0.00038825711236597626,2.425680316953252e-10,1416674854956.6648,13580217.76,0.0095216669679447,2.74062259951563e-16
218,441517.0,2.3725178,3569432742552884.5,0.0004456636140068455,3.979317330248714e-10,670497096376.046,3407280.25,0.0095216669679447,6.646764265134066e-16
219,473315.0,0.98044384,4693752959170685.0,6.212497725946984e-05,5.0778065126126916e-11,297415602968.1905,2518497.7,0.0095216669679447,2.0888271038730372e-16
220,386049.0,1.3553452,3956989010857075.5,0.0,0.0,0.0,1509465.4,0.0095216669679447,3.425193237285324e-16
221,450022.0,1.6481808,3350249648542123.5,0.00043954954326771474,3.027633112247019e-10,893470366145.2142,60678219.15,0.0095216669679447,4.919576070151111e-16
222,385704.0,5.403648,5016756966444254.0,0.004403470641623096,3.253863952950274e-09,4088190425781.883,168964637.97,0.0095216669679447,1.0771197481049124e-15
223,447890.0,5.217443,3411388871517049.0,0.0036979527036824756,2.9440752879130146e-09,2417880693807.0586,132083915.18,0.0095216669679447,1.5294190127552936e-15
224,332140.0,1.523388,2526521101912778.0,0.00041320796108663336,3.5005727398637493e-10,685300549278.144,4905809.9399999995,0.0095216669679447,6.029587478397365e-16
225,355113.0,3.7901616,2918119180725540.5,0.00025370279401706056,1.4900100231985316e-10,195330718728.41656,8305452.74,0.0095216669679447,1.2988371499815305e-15
226,414884.0,0.25187233,494541285650854.7,8.619106874527255e-05,6.48289067188906e-11,169232729728.22498,1329516.0,0.0095216669679447,5.093049605929593e-16
227,392528.0,5.264611,4544561320172530.0,0.0019043738581248173,1.5973988453088267e-09,1643909450248.418,64398126.14,0.0095216669679447,1.1584420649428346e-15
228,404628.0,3.7868295,6705408732753163.0,0.0027879938843097083,2.4217062612228763e-09,4936752113796.707,180317429.89000002,0.0095216669679447,5.647425311305627e-16
229,173164.0,0.9194099,1408730223141883.0,0.00018537919707733189,1.8761041122385896e-10,284040097528.4396,3248257.3,0.0095216669679447,6.52651504806538e-16
230,152781.0,0.44844615,1675312477399807.5,9.777913768752288e-05,8.142918362361472e-11,365284905216.1577,1200787.4,0.0095216669679447,2.6767910825568325e-16
231,368282.0,0.11340856,120929120858321.61,0.0005335316315188068,3.903624423948279e-10,568912180435.7211,19632551.47,0.0095216669679447,9.37810175043507e-16
232,401313.0,3.1994314,3064920488117076.5,0.00016533422589884843,9.678132936659534e-11,158383222826.5177,10189594.4,0.0095216669679447,1.0438872435368005e-15
233,237958.0,1.105582,1550959663963129.2,0.0001794023366725589,1.33410927100194e-10,251673587124.132,6594684.85,0.0095216669679447,7.128373649479274e-16
234,87815.0,0.6425021,1773931772920874.2,7.147937950317031e-05,3.9969412902588706e-11,197352728355.81848,1788352.0,0.0095216669679447,3.6219098716636976e-16
235,303344.0,3.639898,3217134801458145.0,8.156638184955627e-05,6.919118545574962e-11,72092692069.182,1178855.1,0.0095216669679447,1.1314098490216326e-15
236,157365.0,4.1964774,3345954816447277.0,0.001530062183649409,1.0213424848255279e-09,1219956274003.901,47378415.74,0.0095216669679447,1.2541942824128764e-15
237,352423.0,0.316674,1592802072712357.8,1.0647198618380154e-05,6.81823260029051e-12,53553117805.491005,1561577.5,0.0095216669679447,1.988156629283768e-16
238,133920.0,1.2713128,3144981638281034.0,9.460036729949317e-05,5.747156577201002e-11,234022986421.2392,3102803.5,0.0095216669679447,4.04235364850927e-16
239,282851.0,6.8080125,4458867739002823.0,0.0020031948444807933,1.4809233162702678e-09,1311980679675.9238,48872264.25,0.0095216669679447,1.5268478229234352e-15
240,139839.0,3.9350507,5906045142416311.0,0.001506784982501577,1.1362470971642054e-09,2261505836905.5537,36716420.0,0.0095216669679447,6.662750800428309e-16
241,95675.0,0.6663016,4009328434356437.5,2.5496046016853324e-06,2.2828202966186657e-12,15341704456.214756,1116866.1,0.0095216669679447,1.6618783192975118e-16
242,244369.0,0.39106852,610040618441334.9,1.378847836568354e-06,1.3632232532512152e-12,2150909991.314707,1011461.5,0.0095216669679447,6.410532482233517e-16
243,299126.0,8.142128,4336427207493011.0,0.003114457493298092,2.3539136167468924e-09,1658733221894.6113,85739889.6,0.0095216669679447,1.877612054903408e-15
244,68599.0,3.3584461,5496370664680006.0,0.0012177776762032576,1.0663362966520776e-09,1992992382871.88,14821470.84,0.0095216669679447,6.110297694406907e-16
245,387647.0,1.8161641,2539255637676155.5,3.345414219600051e-06,3.900569782013459e-12,4677364736.744553,2195099.04,0.0095216669679447,7.152348401053839e-16
246,295345.0,1.9320456,1273073857242221.2,0.0003964190889766558,2.463161156020998e-10,261210593936.27072,4902482.0,0.0095216669679447,1.5176225550536928e-15
247,276054.0,2.9703314,3126020535663674.5,0.0036659207904175873,3.084225215653293e-09,3858069060227.3496,128649697.08,0.0095216669679447,9.501957412347514e-16
248,223300.0,2.7523386,2296003022463707.0,0.0006831464274900163,5.396865570759482e-10,569881286518.4397,16954049.21,0.0095216669679447,1.1987521676023865e-15
249,180669.0,24.85135,5704088076794148.0,0.019399693279585527,1.5117887529950657e-08,4452778586658.164,711767190.65,0.0095216669679447,4.3567612676077635e-15
250,475784.0,1.1774905,2342599814080380.5,0.0005322646761959029,3.8060018608857714e-10,1058932646588.7208,87484002.79,0.0095216669679447,5.026426165163169e-16
251,304645.0,5.987607,3726530356792172.0,0.0004746160698864887,3.4809584286288905e-10,295388657313.9144,15143368.59,0.0095216669679447,1.606751167097477e-15
252,95671.0,1.8958917,3188723864604877.5,0.0005699908017561151,4.0282051603008226e-10,958674629022.8456,18485131.88,0.0095216669679447,5.945612666698954e-16
253,322006.0,0.2109972,249561082306058.66,0.000762635380846082,6.085885469558834e-10,902021974930.6694,14674555.55,0.0095216669679447,8.454731725407234e-16
254,458483.0,1.2511091,3258824527214510.0,0.00011410363935633628,1.1934695155990725e-10,297211281237.4776,1878473.8,0.0095216669679447,3.839142272165815e-16
255,164401.0,0.2978846,2380936194063866.5,0.0001076002935891001,1.42289959684313e-10,860029130402.1311,756204.4,0.0095216669679447,1.251123825756792e-16
256,329026.0,1.3982216,1617506313597880.8,0.0002440456825235295,1.7955200777132273e-10,282319649680.7894,6531677.25,0.0095216669679447,8.644303816594587e-16
257,177807.0,2.4164243,4675894170645035.0,0.0007463584116287949,5.118739681639687e-10,1444238475067.0522,31023455.64,0.0095216669679447,5.167833598908542e-16
258,470476.0,1.2389554,3312288452403612.0,3.5561734911945648e-06,3.343579596333627e-12,9507261027.820368,2080712.0,0.0095216669679447,3.740481596948277e-16
259,251454.0,1.3478993,778328691847707.1,0.0004703490300148545,3.4756511093478575e-10,271597548305.94516,8508590.8,0.0095216669679447,1.7317867298456713e-15
260,231041.0,2.1177585,6255722040939346.0,0.0011714812731978724,8.997679780250537e-10,3460480135620.572,48816911.41,0.0095216669679447,3.3853142549185284e-16
261,298620.0,0.47160646,1027756255201704.1,0.00016176517010575874,1.439485358926765e-10,352529448917.984,4476316.0,0.0095216669679447,4.588699486022044e-16
262,449394.0,0.6968347,1363429899909432.5,3.897174909944609e-05,4.002253680090004e-11,76252299109.03304,973745.1,0.0095216669679447,5.110894957241939e-16
263,466841.0,3.0758538,4778985988709122.0,0.0008981565885261436,7.125924807985469e-10,1395475218046.1973,60951080.3,0.0095216669679447,6.436205938387436e-16
264,367405.0,2.2588248,4465961222032931.0,5.433584823007442e-05,4.3484632973846217e-11,107428336700.47319,3524288.9,0.0095216669679447,5.05786926419341e-16
265,214135.0,20.937832,3316324563292329.5,0.005884479536494295,4.243191056997306e-09,932037473080.6461,265063008.68,0.0095216669679447,6.313565394580578e-15
266,387264.0,4.024826,5454451453663469.0,0.001963785777057626,1.5783583802578801e-09,2661326026604.781,65177893.81,0.0095216669679447,7.378974832192769e-16
267,142116.0,2.9671257,5258052256355839.0,0.001325194176607198,9.871918319334816e-10,2348380532182.7437,32888903.96,0.0095216669679447,5.643012954870108e-16
268,439780.0,0.32889244,686636690474612.5,0.0003153391438007699,1.8863437272583348e-10,658341146657.1215,7276345.1,0.0095216669679447,4.789904829767619e-16
269,168632.0,2.8221374,4081178707127297.5,0.00073544847210018,4.6460530650030554e-10,1063554398352.3123,14103556.54,0.0095216669679447,6.915005694485933e-16
270,41542.0,0.7381051,1801705524245886.0,0.0002751960516496636,2.1399306929538383e-10,671750197238.6522,2722638.0,0.0095216669679447,4.0967022083641445e-16
271,461795.0,3.7561624,4050534352364472.0,0.0013890000508921636,1.0898606346838491e-09,1497856541446.3198,63700286.36,0.0095216669679447,9.27325155953156e-16
272,17200.0,0.88885564,1778389804646991.5,0.00016227993183729793,1.7065018402744645e-10,324683743108.45276,6592669.9,0.0095216669679447,4.998092306182765e-16
273,410337.0,5.7241597,1.1409476433118278e+16,0.006775814819716389,5.512458760227634e-09,13505650357855.617,363336548.17,0.0095216669679447,5.017022238973637e-16
274,219961.0,2.5545108,751393013080214.0,0.006661743176648564,5.815139463482241e-09,1959509146670.4785,282274124.04,0.0095216669679447,3.3996999646406033e-15
275,421426.0,0.965654,2658146767851306.5,0.0006286169810075656,4.529998706632054e-10,1730388106176.4426,16616082.9,0.0095216669679447,3.632809187509911e-16
276,52400.0,9.732169,4939908699845214.0,0.011355436531701372,9.021862979362774e-09,5763855900312.846,330647497.13,0.0095216669679447,1.970111107580783e-15
277,427504.0,3.0378711,2875283212151762.0,0.000992992440774851,8.24072912625832e-10,939847149786.4185,44636710.25,0.0095216669679447,1.0565467384781768e-15
278,405528.0,3.1499214,2265396260475743.0,0.0013154125106320603,9.307373120915693e-10,946033314535.6826,45209410.84,0.0095216669679447,1.3904505162988585e-15
279,41538.0,99.68799,1.5663697096211526e+16,0.18097182140540172,1.3451803234146566e-07,28435599849529.535,8062354428.14,0.0095216669679447,6.3642695200043715e-15
280,437371.0,5.4512887,8215841176094730.0,0.004442801044307309,3.476467965705493e-09,6695911694608.406,271759591.24,0.0095216669679447,6.63509503550455e-16
281,237957.0,7.9409294,3838408621748882.0,0.0007274378305058639,5.261650392611957e-10,351621768655.94727,44766597.19,0.0095216669679447,2.0688077228166237e-15
282,385503.0,0.15698653,482231485838960.0,0.00021922769021424113,1.4881441585563707e-10,673423986051.9034,9596701.5,0.0095216669679447,3.255418499413895e-16
283,459869.0,4.26052,3257930429815385.0,0.0012814079298718547,9.715981890371937e-10,979865811623.0541,109085732.38,0.0095216669679447,1.3077381766686246e-15
