,id,sfr,snr,snr_per_mass,snr_per_volume,mass,z,halo_volume,sfrd
0,1130.0,0.14212053,1607.4899835666924,1.2495906430780205e-10,0.044499723653689004,6874977.9,11.980213315300292,7.350609068275972e-17,202444675.63993907
1,3070.0,0.10222784,528.4103265157185,7.454632875454622e-12,0.0026547021997564975,3770969.4000000004,11.980213315300292,1.8428262949561692e-17,72809614.17105463
2,3391.0,0.14571746,528.1307538876287,5.132378731447491e-11,0.018277140317961262,5456954.4,11.980213315300292,3.238879183311235e-17,155676262.56095335
3,139.0,0.17022695,1191.4563118113265,4.1438329824441694e-11,0.014756786441005237,7763707.99,11.980213315300292,2.7338842937899255e-16,424341890.9032405
4,1367.0,0.14572513,574.9066379668359,1.6108330543614128e-11,0.0057364086525762414,2176260.2,11.980213315300292,5.0450611216894355e-17,103789637.83570872
5,1628.0,0.11100464,860.1936425462072,1.7689049428176308e-11,0.006299325427976525,4925606.3,11.980213315300292,5.827369618761829e-17,158121408.211243
6,296.0,0.25230712,353.78256361156656,1.933994559080664e-11,0.006887233343460159,8177171.9,11.980213315300292,2.264819518597967e-16,449251007.8421392
7,476.0,0.33654997,3312.6502651994906,1.6144944583658235e-10,0.057494474399009815,14503096.66,11.980213315300292,2.0969566797283857e-16,1078652650.7105112
8,438.0,0.28015655,132.22110042970365,1.3862618343731227e-11,0.004936678174006488,5494738.05,11.980213315300292,1.3919963921089459e-16,399071139.7794138
9,1086.0,0.110905774,287.1302993169002,7.2223903265874925e-12,0.0025719972811300354,6626928.9,11.980213315300292,1.6461110986745842e-16,236970866.67239124
10,1318.0,0.25842223,92.92036097072582,8.636248653651731e-13,0.00030754926072861974,4574515.4,11.980213315300292,6.284280463750208e-17,276083641.10290605
11,239.0,0.18098171,1484.7146642021391,6.396997755794479e-11,0.022780630914851493,5232723.1,11.980213315300292,1.9880938481835418e-16,257800780.63114116
12,710.0,0.10202509,353.3485604320086,9.430039866311223e-12,0.003358173097875215,1734147.2,11.980213315300292,2.1384188422692335e-17,36332604.88858575
13,1500.0,0.11195146,903.0218124708197,4.998007920487861e-11,0.017798626495218732,4055408.4000000004,11.980213315300292,2.9798255901275635e-17,119602584.89986077
14,172.0,0.11897039,395.32234768847997,7.2279514631981325e-12,0.002573977682021677,3407459.1,11.980213315300292,6.817595194088615e-17,127101211.27982205
15,3388.0,0.120454304,1092.1211158835079,4.9407497681232345e-11,0.0175947219628616,4622458.0,11.980213315300292,2.6366810016440248e-17,128686540.76252009
16,225.0,0.53474265,5470.533259401908,1.856150481849371e-10,0.06610019365902177,35419977.24,11.980213315300292,1.2534771116759527e-15,4379879975.103005
17,969.0,0.122585304,651.5378250463151,4.276367839045119e-11,0.015228762165687046,4047906.56,11.980213315300292,9.986066148447088e-18,130963180.19555299
18,1954.0,0.13973023,1367.4659894530055,9.239250382240722e-11,0.03290230213025708,6164643.8,11.980213315300292,9.88804242170617e-17,199039794.5282366
19,4884.0,0.12909998,83.87946211975385,1.1121314827990464e-12,0.00039604604856212085,2391680.0,11.980213315300292,8.562725868015318e-18,91948726.81738037
20,38.0,0.1926315,1526.6956663726178,9.949690649420723e-11,0.03543228230713242,4600053.1,11.980213315300292,1.0425281763268877e-16,205796559.8049148
21,696.0,0.10151537,414.7179047628612,1.1719278900843629e-11,0.004173404109552768,2220738.6,11.980213315300292,3.0608062131980084e-17,72302172.50146197
22,646.0,0.1673089,1240.4543541523133,9.176356673077494e-11,0.032678328567969095,7493930.3,11.980213315300292,2.1019900256129417e-16,357486662.82248247
23,608.0,0.13200457,897.6489030539805,3.61946267624175e-11,0.0128894282107347,11598569.6,11.980213315300292,1.9006348812309127e-16,329061108.3713194
24,4462.0,0.114335015,314.1172247886902,1.9453328201414925e-11,0.006927610525116821,1254824.1,11.980213315300292,1.0729222353162929e-17,40716346.58617331
25,845.0,0.22024156,1961.6926562387061,7.7960090371349e-11,0.027762711706901328,13152011.16,11.980213315300292,2.1963804538398254e-16,705880741.8423426
26,493.0,0.33949247,717.962188114535,4.984810015235239e-11,0.01775162685259156,8350966.6,11.980213315300292,2.258277642263472e-16,725388967.0762389
27,124.0,0.13333526,1416.1906372280757,4.030778515306178e-11,0.014354183190626897,8612983.2,11.980213315300292,4.2325516266229027e-16,284895645.9218131
28,2511.0,0.107365295,467.4060107953337,6.551282554577438e-12,0.0023330061318147014,6167371.3,11.980213315300292,3.264702546657823e-17,152937315.39884752
29,708.0,0.10496894,27.69250220819969,3.619366516462547e-13,0.00012889085771902845,1349570.1,11.980213315300292,2.5538927715977288e-17,37380952.29902433
30,3838.0,0.10529732,296.71790114680044,8.58684219899365e-12,0.003057898256758912,2054528.9,11.980213315300292,2.8050708432206876e-17,74995786.2989776
31,796.0,0.123533234,31.91105358465938,4.020843659536637e-13,0.00014318803737464956,1373083.2,11.980213315300292,2.664520627751116e-17,43991964.932657324
32,297.0,0.12660293,671.3453697984116,1.1850819252013947e-11,0.0042202475243047375,5082990.5,11.980213315300292,4.569273886522025e-17,180340511.6693268
33,24.0,0.3592741,975.5245745223156,2.2301503333589755e-11,0.007941886736299811,6135446.4,11.980213315300292,7.091468964105259e-17,511770738.82521427
34,2796.0,0.11961796,341.4769746812766,4.07488140554537e-12,0.0014511239938678308,2054682.2,11.980213315300292,1.227512932751204e-17,42597679.43609414
35,2315.0,0.15010902,826.4507314068418,2.649815698767955e-11,0.00943637558280104,4419683.9,11.980213315300292,5.2242350295602065e-17,160367955.97649997
36,209.0,0.18567163,908.0963371892901,2.383077331344427e-11,0.008486481815275284,4960091.04,11.980213315300292,1.6029746423319626e-16,264481373.03518906
37,1529.0,0.11366241,7.0248902563477875,5.484637015431089e-14,1.9531582833102127e-05,1246183.2,11.980213315300292,1.121602800686503e-17,40476822.25239339
38,73.0,0.30841568,3.734790150102974,2.7192317777311282e-14,9.68357624392115e-06,3117451.0,11.980213315300292,1.538562239913912e-16,219662536.7913814
39,1907.0,0.11956707,1291.7690273558258,2.623557356879925e-11,0.009342865843103954,8318546.9399999995,11.980213315300292,6.940789926551467e-17,255477340.6421425
40,15.0,1.3674151,8181.07928376265,5.797015626195454e-10,0.20644008084630647,49398411.49,11.980213315300292,4.2945431881887036e-15,16556511605.111282
41,276.0,0.11044752,145.87491402676397,1.0220918114097327e-11,0.0036398162396924835,1109112.8,11.980213315300292,1.2520827807424985e-17,39331953.59184855
42,1656.0,0.1239522,490.1977142652553,8.191399687107025e-12,0.0029170754793369402,4861288.7,11.980213315300292,4.3753338948473656e-17,132423494.2896191
43,520.0,0.217451,1303.3622747244503,3.9144039408906776e-11,0.013939756559754464,8382520.7,11.980213315300292,1.5648985462402084e-16,464624609.43447495
44,414.0,0.24296951,743.894406362894,2.9487482355523837e-11,0.010500917427099464,4599402.7,11.980213315300292,1.0647859890277012e-16,259574832.2340108
45,47.0,0.84962463,2778.9290645460096,2.020083873457415e-10,0.07193809798759512,22931047.05,11.980213315300292,1.5648329674691406e-15,5143580777.550057
46,5598.0,0.114740655,744.1009956369164,2.389235819053534e-11,0.008508413077540888,5869235.3,11.980213315300292,1.5349821158034183e-17,122582402.50822218
47,1082.0,0.13151965,3.2231407103731233,1.339490560005893e-14,4.7701189255196515e-06,2017875.9,11.980213315300292,1.193589636227482e-17,46836042.76688299
48,725.0,0.15561965,4.728770144776878,2.3491052843823662e-14,8.365502460145184e-06,1532624.2,11.980213315300292,3.0557824599742184e-17,55418400.08521436
49,75.0,0.15481076,643.0479062923112,1.762400376965159e-11,0.006276161731567176,3737857.2,11.980213315300292,2.0013669629038393e-17,110260685.39771295
50,846.0,0.192578,1058.7783028221052,2.3724848899453315e-11,0.00844876060491822,7853346.300000001,11.980213315300292,1.301830091102188e-16,342899005.73643535
51,1337.0,0.14502294,389.0252337850208,9.246941943480564e-12,0.003292969288830527,6516907.5,11.980213315300292,7.462499280502984e-17,258223794.6960438
52,3624.0,0.13350587,612.7488239484597,1.460035492800712e-11,0.005199396803594081,3759224.0,11.980213315300292,1.734292686954142e-17,142630093.00016966
53,344.0,0.24172364,1301.0681300741517,4.0801050088086634e-11,0.01452984194270104,7984807.8,11.980213315300292,1.696888986637398e-16,516487630.8965221
54,623.0,0.15997462,887.1101487294226,5.687191702466734e-11,0.02025290926490407,4869815.75,11.980213315300292,1.2229378296395663e-16,227877070.65631202
55,490.0,0.30302694,842.3227109549545,5.143639048907846e-11,0.018317239931223757,13637668.24,11.980213315300292,1.859115903015704e-16,1079122604.2160003
56,270.0,0.2886059,707.3429813020873,3.025362549055893e-11,0.010773752038794807,6551544.859999999,11.980213315300292,2.0448351318001302e-16,513883601.2403758
57,872.0,0.18924506,208.48538515878602,1.1545223973497058e-11,0.004111420641523537,1994152.6,11.980213315300292,2.3030897360547665e-17,67392893.18045887
58,244.0,0.16911829,355.1437387828035,3.696227933898847e-11,0.013162800356314359,2427588.85,11.980213315300292,6.482400427167923e-17,120450920.65105285
59,113.0,0.32367915,2771.9146836777636,2.3194871089484722e-10,0.08260027868987216,15878065.4,11.980213315300292,2.4859642648930514e-16,1267934910.362305
60,5906.0,0.11718639,1420.729883320326,9.362732438686808e-11,0.03334203952893868,4878308.9,11.980213315300292,3.026205045063975e-17,125195286.9492117
61,774.0,0.1049945,1223.3446488420252,7.064343392979759e-11,0.025157144903711903,4982584.35,11.980213315300292,6.010277860470541e-17,149560218.3335341
62,0.0,0.45046705,2923.4267169807554,1.0282703302203177e-10,0.036618188355972435,17623002.9,11.980213315300292,1.847495769069066e-15,2085431509.6286452
63,275.0,0.2029671,1521.9765894000275,1.400352554779633e-10,0.04986857260065151,6159712.76,11.980213315300292,1.5895779300534807e-16,361397546.90155494
64,1360.0,0.15567872,428.9629423342054,9.458670328264814e-12,0.003368368817986195,2123281.6,11.980213315300292,2.552309285958024e-17,110878871.52700913
65,1607.0,0.11560489,794.3653000742355,2.3229536782584233e-11,0.008272372821886287,4486376.0,11.980213315300292,4.3606386452877736e-17,123505702.12361737
66,313.0,0.5777517,973.4645710345892,5.192301624890523e-11,0.01849053437732906,6721636.2,11.980213315300292,1.546029297229206e-16,822982826.6677824
67,291.0,0.15684023,2163.2128924390267,7.893797734846528e-11,0.02811095135231854,12707827.5,11.980213315300292,2.3982530571389176e-16,446824529.70930296
68,1506.0,0.106681645,427.44426723290155,1.3863848798476524e-11,0.004937116356674048,2639191.7,11.980213315300292,2.7223081943939018e-17,75981742.4645128
69,174.0,0.5271535,2193.0364313025916,7.473619390587174e-11,0.026614635714202924,13631208.2,11.980213315300292,5.566923629953149e-16,1689542626.0365543
70,1554.0,0.15802447,796.4126091937367,6.558862139559804e-11,0.023357053312604823,4266132.2,11.980213315300292,4.0907799954954474e-17,168824373.43318704
71,317.0,0.16455294,614.0782480744589,1.975021939003953e-11,0.007033337756047962,6966898.0,11.980213315300292,2.8949128596458624e-16,292998366.98380554
72,591.0,0.1389829,4.93288310236536,3.4967308255813967e-14,1.2452362402972361e-05,1047368.56,11.980213315300292,3.29608609906119e-17,49493813.64887621
73,112.0,0.3112666,1707.2088969849895,6.954555032579777e-11,0.02476617273012419,6550513.6,11.980213315300292,1.8306971341205834e-16,443386088.3754561
74,195.0,0.10539468,590.6661224391823,2.45136552632856e-11,0.008729665919000476,1632571.8,11.980213315300292,2.537974493628257e-17,37532564.448597215
75,588.0,0.21556303,469.9727581065011,1.3297441609913752e-11,0.004735410594021882,7538341.2,11.980213315300292,1.277710588637429e-16,383825507.9008681
76,938.0,0.13589926,541.2726972980411,9.484726852586837e-12,0.0033776479218121445,5374676.3,11.980213315300292,2.765350835277348e-17,145187055.0145416
77,976.0,0.1759038,1548.169613338072,7.60631597141247e-11,0.0270871873621546,5264996.2,11.980213315300292,8.376566044240628e-17,187925634.67870924
78,713.0,0.13339104,670.6509788101663,1.646142045921403e-11,0.0058621490600939945,3200719.3,11.980213315300292,5.611553583896378e-17,95004943.43102342
79,390.0,0.1256324,5.094663982045214,3.368790631900597e-14,1.1996748935111305e-05,1328053.0,11.980213315300292,1.3178324805835972e-17,44739508.197491035
80,340.0,0.16205153,2364.993730535857,7.38003147893102e-11,0.0262813556733276,12401004.6,11.980213315300292,4.1016082299078285e-16,461671081.97254616
81,1361.0,0.10772259,7.113681180967982,5.742632365961903e-14,2.0450341457468765e-05,3193738.0,11.980213315300292,3.3395536359582955e-17,76723133.49677257
82,1036.0,0.1507926,743.9456248186087,2.142256307905169e-11,0.0076288834447682434,5252675.36,11.980213315300292,7.107715697308197e-17,214797672.05978668
83,171.0,0.19380413,486.6716325813554,1.4736132331958067e-11,0.005247749093903727,2824086.5,11.980213315300292,9.769873310902533e-17,138032887.42143932
84,23.0,0.17744426,377.82349883165216,6.0865006308671795e-12,0.0021674905905540013,4617029.66,11.980213315300292,2.247160827040984e-16,189571374.6979536
85,1594.0,0.1084967,1775.984285369656,1.2131183754248853e-10,0.04320089364037355,6424499.45,11.980213315300292,6.307164327119473e-17,193186192.3775525
86,919.0,0.15036574,625.549327022422,2.03920299720494e-11,0.00726189575378634,6923617.84,11.980213315300292,1.935266280748471e-16,267737035.0861643
87,164.0,0.44510174,1910.8080154070992,1.396040457503031e-10,0.04971501260223159,8802014.3,11.980213315300292,2.4110724761023877e-16,951042865.3172679
88,349.0,0.12181856,344.78802106304914,2.4652184982203863e-11,0.008778998348335102,5484825.5,11.980213315300292,6.596726507663484e-17,130144034.43044676
89,863.0,0.12307607,1095.5470635706565,5.1626909147483653e-11,0.01838508637115083,9649561.76,11.980213315300292,1.2257560184640962e-16,306804135.7067115
90,579.0,0.48908335,1526.7558639762362,6.129105479784442e-11,0.021826627912553073,13579953.69,11.980213315300292,3.8917780027438815e-16,1915865923.2204044
91,1095.0,0.14061108,529.8248053361725,1.4295692528176308e-11,0.00509090213235722,5826475.2,11.980213315300292,1.0989609423680193e-16,250368160.0573605
92,3252.0,0.13873093,219.20110478205467,3.3505589780046145e-12,0.0011931823388123973,1371531.1,11.980213315300292,1.3516015361430013e-17,49404083.50059821
93,1274.0,0.1865878,232.75522968197973,3.504130356976526e-12,0.001247871320065751,4503902.7,11.980213315300292,8.472908944165615e-17,199339813.7976784
94,333.0,0.21084803,662.4017954146562,3.7002507479439416e-11,0.01317712617687876,4430745.7,11.980213315300292,1.900914859646654e-16,300344088.51888
95,2207.0,0.11071135,43.549576276066816,4.251246669875182e-13,0.0001513930206192329,1605262.2,11.980213315300292,1.4871645371139894e-17,39425907.257047534
96,2479.0,0.16208637,2044.8048638365522,1.1326000028885145e-10,0.04033351835490611,9720123.2,11.980213315300292,5.613470277278202e-17,346327753.63599986
97,2299.0,0.12984526,33.946634676626374,2.3983820999180087e-13,8.540984301820033e-05,2061778.8,11.980213315300292,9.791362653023937e-18,46239768.35732943
98,178.0,0.14794338,740.4402921528375,1.427985966752347e-11,0.0050852638225026975,6134607.3,11.980213315300292,1.2915497485628865e-16,210739078.8450919
99,982.0,0.13464941,22.912187114360616,1.8385789068426885e-13,6.547444454967235e-05,3934949.8600000003,11.980213315300292,4.5488576829855565e-17,143851786.22271797
100,781.0,0.28688446,1494.0318885585784,1.2737839770993637e-10,0.04536128314453096,7861696.3,11.980213315300292,1.7994273573609757e-16,612982143.9327493
101,55.0,0.2393648,698.3563612008687,1.9482644872619574e-11,0.00693805061423144,1322115.1,11.980213315300292,5.2014748115781367e-17,85241254.89754874
102,737.0,0.12378712,7.4291231452087185,5.6177048754711976e-14,2.0005456659844832e-05,3203876.1,11.980213315300292,6.884930808516468e-17,88164754.79229571
103,250.0,0.341297,2742.2629904549913,1.1133139837016389e-10,0.03964671541752038,19036460.6,11.980213315300292,7.141680065759927e-16,1458489363.8213484
104,882.0,0.13914065,679.2212538915971,1.6319044256697188e-11,0.005811446842516124,6699002.9,11.980213315300292,1.2287040156870648e-16,247749953.48649037
105,202.0,0.23615775,1685.4847282773176,6.642366649724123e-11,0.02365442490759338,13432156.45,11.980213315300292,4.854378553056931e-16,756892603.565914
106,2679.0,0.117759615,1124.938782791552,3.555448761410134e-11,0.012661465434622599,4055112.9,11.980213315300292,4.251513520484113e-17,125807687.99989225
107,1140.0,0.100250445,40.629130860650804,2.776733522868505e-13,9.888348245247534e-05,2527240.6399999997,11.980213315300292,6.083837595484476e-17,71401256.45740467
108,679.0,0.17375368,746.9390506974665,3.100526377661487e-11,0.011041421264731333,4046843.5,11.980213315300292,9.632760903234788e-17,185628568.52302986
109,99.0,0.17143904,533.2865972431333,1.9717771401475613e-11,0.007021782559694573,7151270.9,11.980213315300292,6.059938050304543e-17,305259564.23064405
110,1726.0,0.14468853,345.70891787499954,4.6746524468917096e-12,0.001664711105321025,7573410.2,11.980213315300292,7.925971694099939e-17,257628353.59421328
111,402.0,0.1552727,194.64500199643865,2.2715835152876426e-12,0.0008089436268311119,1606097.0,11.980213315300292,4.130224581030857e-17,55294846.19012744
112,1022.0,0.1621372,744.5980206774581,1.624108787361828e-11,0.00578368545102949,4702293.4,11.980213315300292,7.952922981341905e-17,230957574.2728227
113,5609.0,0.11437445,674.8908476727146,4.164791853913829e-11,0.014831424002806732,5522674.0,11.980213315300292,2.189075824249527e-17,122191169.87397824
114,1227.0,0.105776384,723.6272335763304,4.0589767533336546e-11,0.014454601180045639,2881886.7,11.980213315300292,3.8084214612723604e-17,75336989.48788624
115,930.0,0.111290865,339.70204462711223,1.4091198566857686e-11,0.005018078885656911,1706125.5,11.980213315300292,2.5647437631108178e-17,39632280.900256366
116,37.0,0.4446539,450.6825579807103,1.5909598814906907e-11,0.00566563741995155,5783293.9,11.980213315300292,2.166425380312378e-16,475042985.8244296
117,2480.0,0.12190293,1478.6612218272965,4.4211085753216424e-11,0.015744204786949906,7005489.199999999,11.980213315300292,6.90151212793739e-17,173645560.73220524
118,1911.0,0.12226979,1120.229333598738,4.4196702866379606e-11,0.015739082833667633,11839193.6,11.980213315300292,6.622264844869353e-17,304794240.2125053
119,2749.0,0.122644536,816.0549367738818,2.5602232521939483e-11,0.009117323968891648,3252403.6,11.980213315300292,2.3799471093402546e-17,87350973.53468506
120,655.0,0.27641946,3217.2612808539848,9.385913097807446e-11,0.03342458919675933,23019349.3,11.980213315300292,4.301457471593019e-16,1574991253.4175637
121,1626.0,0.11032822,26.697693648746608,2.3433065645297716e-13,8.344852383064739e-05,3137643.5,11.980213315300292,3.8763028198473676e-17,78578938.28510152
122,480.0,0.22578713,1100.5153974512687,4.375662263708776e-11,0.015582363921779013,5282245.2,11.980213315300292,1.0013391956435766e-16,241218152.80587587
123,3353.0,0.15344256,469.5544468318212,2.3851696271389507e-11,0.008493932782131815,5271974.640000001,11.980213315300292,1.95217503215108e-17,218572427.84390044
124,1194.0,0.13440049,442.0505300342535,3.795872301131195e-11,0.013517648308325579,5163792.55,11.980213315300292,6.577524914153336e-17,191447805.6329995
125,1939.0,0.16945803,2793.744890604452,1.1080877641920593e-10,0.039460602208992376,13054158.24,11.980213315300292,1.1042132777846925e-16,543118019.7213547
126,4440.0,0.10060421,1552.3514737837413,1.040384788030242e-10,0.03704960165739409,6865169.7,11.980213315300292,5.096648658254653e-17,179133045.21751988
127,303.0,0.39146516,4433.960787415565,1.8386865102484715e-10,0.06547827646202545,16144046.15,11.980213315300292,5.409096644430704e-16,1672876621.1441128
128,780.0,0.16158949,461.76128869757144,7.87338199628646e-12,0.002803824796508197,3608763.2,11.980213315300292,4.6310179268596733e-17,115088692.28771234
129,160.0,0.59530956,2624.841171489717,1.2386585438496198e-10,0.04411041584531727,13732239.0,11.980213315300292,6.4397620019235235e-16,2119983136.489057
130,148.0,0.2765255,2125.205879473538,1.499540546287159e-10,0.05340079992349468,14057320.9,11.980213315300292,8.062147415226069e-16,1083221872.818782
131,8607.0,0.10431518,6.808174555099839,4.6835492700630236e-14,1.6678793922693333e-05,2859549.1,11.980213315300292,1.1631276633057319e-17,74296277.88266008
132,1526.0,0.122585975,1799.7155625636813,4.676987175608805e-11,0.016655425358642402,11659322.25,11.980213315300292,9.91300743891788e-17,305582426.45901465
133,337.0,0.304965,906.5723719770273,3.175040507541341e-11,0.011306776819873847,9494999.790000001,11.980213315300292,4.145330610918841e-16,868819452.1443737
134,853.0,0.13384926,1445.419944344766,3.8316203136363653e-11,0.013644952132698838,7791651.6,11.980213315300292,5.848936520961857e-17,333659553.228202
135,154.0,0.14693618,670.3277442956263,5.932712368161974e-11,0.021127243738775912,2639435.8,11.980213315300292,3.03159433739183e-17,104652182.5519216
136,1216.0,0.17275588,1011.0535018140566,5.1607977134646947e-11,0.018378344408540047,6310509.0,11.980213315300292,6.629238448757535e-17,246083434.19133207
137,381.0,0.20077361,286.16755899413243,3.072425447546826e-11,0.010941349802813707,3112809.7,11.980213315300292,8.709766692449124e-17,142996751.95944464
138,1808.0,0.111345485,31.762146615888206,1.9459692080201297e-13,6.929876794066e-05,2010856.8,11.980213315300292,9.748673413894314e-18,39651731.86941517
139,98.0,0.44570833,2183.8085547666597,8.260221466947e-11,0.02941583906966409,18422698.7,11.980213315300292,6.860771822159673e-16,2063401075.5858004
140,678.0,0.17643276,1070.148466917951,2.0945800481581772e-11,0.007459101412921661,9862241.26,11.980213315300292,2.5134465426102386e-16,439811739.5375856
141,561.0,0.2789601,2215.6975409354545,1.1595636894727945e-10,0.041293734093021416,16094431.6,11.980213315300292,2.5660435637148155e-16,1092758830.4287117
142,662.0,0.12086334,482.5543416283472,9.62145710692098e-12,0.003426339535875296,3605519.6999999997,11.980213315300292,4.734877559850638e-17,86082354.40389813
143,1677.0,0.13294467,889.7144560737502,4.792361216356614e-11,0.017066288944931784,7340907.4,11.980213315300292,6.61231089559505e-17,236717564.6281429
144,2082.0,0.10163881,22.257634268942972,2.4891387332387107e-13,8.864181752511752e-05,2352084.85,11.980213315300292,2.5206563980562894e-17,72390090.02738519
145,1711.0,0.21243548,1448.7709276736125,8.175553251185023e-11,0.02911432335133427,7652436.3,11.980213315300292,7.052522375706182e-17,378256679.76166743
146,618.0,0.1411281,337.13092430677136,1.8072928113528842e-11,0.006436030160117054,6283957.7,11.980213315300292,1.3130669508174286e-16,201031001.1381247
147,656.0,0.152543,3676.6359488296303,1.654454731339649e-10,0.058917517308551014,14777478.7,11.980213315300292,1.5446701790898426e-16,543227606.8092208
148,331.0,0.46596068,2853.740956955424,1.4116510304172432e-10,0.05027092760096035,13464545.9,11.980213315300292,3.387354042482199e-16,1327482506.9054477
149,529.0,0.10983194,700.5836358757389,5.377291904923503e-11,0.019149311424491392,1122974.8,11.980213315300292,9.545948174377061e-18,39112736.68238721
150,319.0,0.12833539,565.529380711525,1.579838729525423e-11,0.0056260333950729656,3327561.7,11.980213315300292,5.842847735940267e-17,91404163.78152783
151,999.0,0.1101599,1383.773719281042,5.15465599236233e-11,0.018356472854577383,6335548.4,11.980213315300292,1.333577129266778e-16,156918111.85919532
152,1073.0,0.11082424,283.2304985146839,5.34584178038051e-12,0.001903731299854368,1263030.8,11.980213315300292,2.4467841663531968e-17,39466109.0129673
153,1109.0,0.12881288,1274.8797707644544,5.113114865554182e-11,0.018208538915293712,8520644.4,11.980213315300292,1.408918795407531e-16,229360614.8056723
154,667.0,0.14485762,339.8935825808733,5.4221995231888054e-12,0.0019309233925017552,5154134.9,11.980213315300292,1.3618327138753213e-16,206343544.41876587
155,87.0,0.12075126,87.97281929174994,1.8251076992412593e-12,0.0006499471543288858,1075042.9,11.980213315300292,2.329971498096417e-17,43001263.89870265
156,234.0,0.2181777,545.711380157378,1.7729372716229128e-11,0.006313685131973177,7883129.66,11.980213315300292,2.097977681558292e-16,466177339.491711
157,1593.0,0.15268081,540.8277871246266,3.0942417141467276e-11,0.011019040672237912,2907632.3,11.980213315300292,3.879387705349625e-17,108743673.6159553
158,2087.0,0.101452485,461.7393282283214,2.2961489407633983e-11,0.008176917288688619,1124136.8,11.980213315300292,1.2473763237811244e-17,36128691.99596072
159,1525.0,0.14454661,676.6942699743915,2.2373248230450826e-11,0.007967436128027137,2560075.4,11.980213315300292,2.9830261010012876e-17,102950261.92311122
160,850.0,0.122005194,1877.5471825707384,1.3336122568330815e-10,0.04749185440766726,11199744.35,11.980213315300292,1.2038184861920418e-16,304134655.0706377
161,187.0,0.24961957,2215.0123842696526,8.183040078168281e-11,0.029140985021189395,11916146.1,11.980213315300292,4.2597166409022397e-16,533358757.6900157
162,1539.0,0.121088795,952.6304731295984,6.693726446567226e-11,0.02383732454589397,5601696.34,11.980213315300292,4.966495244351163e-17,172485859.9064194
163,1142.0,0.11623091,41.63006465450957,3.616709394918196e-13,0.00012879623379151035,6046422.9,11.980213315300292,8.719908240363451e-17,206957510.59228522
164,266.0,0.11816432,293.2065990563217,8.975886462884725e-12,0.003196442525861004,5164270.7,11.980213315300292,1.3794503149027514e-16,126240051.8486701
165,456.0,0.121497944,808.2546013035023,8.285270388278935e-11,0.029505041888464686,3304081.3,11.980213315300292,5.4154742112935344e-17,86534337.66395144
166,1192.0,0.17310344,633.1714651312276,1.5944910894561953e-11,0.005678212560418478,3148347.2,11.980213315300292,5.4444911980849295e-17,123289259.34542198
167,860.0,0.15665117,840.6409485347274,2.8678190545298614e-11,0.01021271695032967,8222496.8,11.980213315300292,1.148211114528011e-16,278928696.115077
168,1509.0,0.101357736,996.7770058333301,4.916578224308916e-11,0.017508643611844926,4201954.8,11.980213315300292,4.1308202705772194e-17,72189901.02316174
169,4515.0,0.10287465,921.6385956472059,1.849928215170889e-11,0.00658786097753509,7845004.5,11.980213315300292,4.89018569691923e-17,183175727.24030668
170,466.0,0.2511255,1562.0008447975188,6.943073513251628e-11,0.024725285385131864,10292907.7,11.980213315300292,2.340128429647312e-16,626005867.602173
171,2631.0,0.10109095,43.57748900431504,3.3225352393029496e-13,0.00011832026815952504,4443905.600000001,11.980213315300292,4.789865015823079e-17,107999832.51654404
172,153.0,0.25827938,581.3791311897837,1.8533298589256637e-11,0.0065999747211754,6893090.9,11.980213315300292,1.76532266809332e-16,459885047.11972797
173,1014.0,0.25068572,457.1720735152395,3.21726410866738e-11,0.011457141148558643,5676998.1,11.980213315300292,7.513141470004384e-17,357091190.646169
174,619.0,0.10847292,1164.4151668268896,7.558553615434291e-11,0.026917098729220962,5168934.0,11.980213315300292,1.3943682276678357e-16,154515080.29921547
175,356.0,0.29275382,932.4604413206202,9.756909511272543e-11,0.03474576089143852,11920633.5,11.980213315300292,3.2794192663853885e-16,729776980.3661928
176,2657.0,0.11809135,173.97669971964476,2.126993067875516e-12,0.000757452884735333,6248006.76,11.980213315300292,4.469567282460712e-17,210270158.07139647
177,386.0,0.17999391,1833.0903330871865,9.20341102645347e-11,0.03277467301929234,10198725.2,11.980213315300292,1.7321716573543178e-16,448688977.3944002
178,301.0,0.49666798,5845.577191844661,3.3338835416978305e-10,0.11872439756246839,35011562.35,11.980213315300292,1.0486431315168228e-15,4244895010.390564
179,86.0,0.11320663,483.9961479622748,3.0571641996351353e-11,0.010887002299617952,2849391.7,11.980213315300292,7.035667255906089e-17,80629024.85179515
180,1296.0,0.14870389,625.8282958397577,8.304493558401561e-12,0.002957349836762795,6246381.1,11.980213315300292,6.780522893834727e-17,211822393.1296005
181,1922.0,0.11563747,573.8246698962332,2.0573988803163703e-11,0.007326693915854757,2878602.5,11.980213315300292,3.784363985685309e-17,82360339.16413479
182,405.0,0.37047023,2599.0861957066527,6.630505549093344e-11,0.02361218581887884,19011222.2,11.980213315300292,5.381183465210221e-16,1715087243.3874388
183,18.0,1.6939921,9356.028288074785,4.65774081845437e-10,0.1658688630711726,52408834.55,11.980213315300292,4.610318224549205e-15,22320434994.826946
184,253.0,0.21533085,1486.191033851374,4.343176376403683e-11,0.015466676995366002,11654888.6,11.980213315300292,2.4063089419130133e-16,536776932.55270123
185,7728.0,0.10181359,2140.0164796372733,1.2109588335384833e-10,0.043123989241564395,5045641.0,11.980213315300292,2.7724796541428998e-17,145029146.76217252
186,104.0,0.3059575,1455.5536550512513,3.422461408337851e-11,0.012187878304794621,5084004.5,11.980213315300292,1.405673214825673e-16,326867625.21452737
187,1538.0,0.16536178,21.238161492451354,1.56129954486733e-13,5.560012686721811e-05,2697246.0,11.980213315300292,3.1799272591514634e-17,117775425.95479684
188,1442.0,0.13378362,533.9212139361413,1.1524890667429909e-11,0.004104179658198588,5740372.7,11.980213315300292,1.0194647521384176e-16,190569100.4447905
189,1272.0,0.15197599,1090.8828870791608,1.796945183982731e-11,0.006399180767798547,13015509.6,11.980213315300292,1.62914647305704e-16,432966721.98743737
190,1143.0,0.10317047,1083.8432116007477,2.3769685012126143e-11,0.008464727390798848,8106246.800000001,11.980213315300292,1.671101468808742e-16,183702456.0664288
191,130.0,0.16827123,638.9388678959536,3.3540371071465906e-11,0.011944209507250836,4187419.1,11.980213315300292,1.0524276574846265e-16,179771430.15623912
