,id,sfr,sfrd,snr,snr_solar,snrd,mass,z,halo_volume,snr_err,snr_solar_err,snrd_err
0,1130.0,0.14212053,7733809739025246.0,0.00023810754789102534,1.4142945191980886e-10,12957160185196.55,6874977.9,11.980213315300292,1.837652267068993e-17,2.8315820365484236e-05,1.487173662371127e-11,1540869340348.445
1,3070.0,0.10222784,1.1094679979312044e+16,0.00016027468753933516,8.39757123927408e-11,17394443304614.04,3770969.4000000004,11.980213315300292,9.214131474780846e-18,3.999430419793991e-05,2.151540944651279e-11,4340539779294.9507
2,139.0,0.17022695,4358592105403722.0,0.0003086700803968148,2.5455306903351384e-10,7903372383702.399,7763707.99,11.980213315300292,3.905548991128465e-17,3.6659852584474214e-05,2.9025917710024477e-11,938660676584.7214
3,1367.0,0.14572513,5776942101791669.0,0.0001260960814423999,1.0292535294903285e-10,4998793013638.424,2176260.2,11.980213315300292,2.5225305608447177e-17,1.4862022790885469e-05,1.211118548587481e-11,589171168887.9851
4,296.0,0.25230712,5570137442037552.0,0.00016746561363204882,9.126151269774175e-11,3697107258588.935,8177171.9,11.980213315300292,4.529639037195934e-17,3.8115674694120936e-05,2.1820997252021288e-11,841472673233.503
5,476.0,0.33654997,1.4444503118644936e+16,0.0007631426701990575,5.274071466857941e-10,32753580930823.766,14503096.66,11.980213315300292,2.329951866364873e-17,8.326351865594766e-05,5.0275583942170094e-11,3573615397722.9204
6,438.0,0.28015655,6037872330449401.0,1.715063413078753e-05,1.402635145296579e-11,369626693603.7838,5494738.05,11.980213315300292,4.6399879736964866e-17,1.4984296298912444e-05,1.2258905842993811e-11,322938257251.02203
7,1086.0,0.110905774,4042464962029565.5,0.0001507214468404641,1.9251251903750215e-10,5493728107239.736,6626928.9,11.980213315300292,2.7435184977909737e-17,4.2395027586714776e-05,4.025710444869506e-11,1545279451217.4934
8,1318.0,0.25842223,1.2336602328174126e+16,2.7073234245864754e-05,1.9132565201601238e-11,1292426447325.134,4574515.4,11.980213315300292,2.0947601545834026e-17,3.715826158608847e-05,2.6387443485347904e-11,1773867118141.664
9,239.0,0.18098171,3641311201990936.5,0.0003099900964273524,2.587944320118075e-10,6236930851339.447,5232723.1,11.980213315300292,4.9702346204588546e-17,4.537854662731142e-05,3.07232576903871e-11,913006127326.8837
10,710.0,0.10202509,4771052704143482.0,4.637363660914516e-05,2.6741464974337334e-11,2168594650051.5625,1734147.2,11.980213315300292,2.1384188422692335e-17,5.1575834961400984e-05,2.9741324704962177e-11,2411867775476.112
11,172.0,0.11897039,5235147582676509.0,0.00022145912272179493,1.8321066317339736e-10,9745039845449.486,3407459.1,11.980213315300292,2.2725317313628718e-17,4.342038091405792e-05,4.93787687858184e-11,1910661150065.3528
12,225.0,0.53474265,9811970905121354.0,0.0016795009445858744,1.1288201070400391e-09,30817093799046.01,35419977.24,11.980213315300292,5.4499004855476206e-17,0.00011201613489280718,7.451411299292742e-11,2055379454906.7163
13,1954.0,0.13973023,5652493144376689.0,0.00025179938954462955,1.939549398602654e-10,10186015747338.668,6164643.8,11.980213315300292,2.4720106054265426e-17,2.0989978860091705e-05,1.6217934012523617e-11,849105534337.7019
14,38.0,0.1926315,5543202698233832.0,0.00023359537143636454,1.6372527704059652e-10,6721987282666.595,4600053.1,11.980213315300292,3.4750939210896256e-17,5.9461851490592925e-05,3.5583645741379396e-11,1711086170354.4546
15,696.0,0.10151537,6633243853352882.0,0.0001208629869853383,9.504185288666286e-11,7897460901914.308,2220738.6,11.980213315300292,1.5304031065990042e-17,1.3787059663999505e-05,1.0850957226219711e-11,900877657954.9891
16,646.0,0.1673089,4775728656025738.0,0.00032674161679203647,2.561112300642017e-10,9326636553285.025,7493930.3,11.980213315300292,3.503316709354903e-17,7.486225353434249e-05,6.283276184186232e-11,2136896539625.9463
17,608.0,0.13200457,4861701735167392.0,0.0004130581690964444,2.810643416371154e-10,15212849202275.727,11598569.6,11.980213315300292,2.7151926874727325e-17,6.533705232952147e-05,4.103841728505037e-11,2406350482268.5854
18,845.0,0.22024156,8021982152134431.0,0.0004965579469870192,3.2378292357441956e-10,18086409250962.363,13152011.16,11.980213315300292,2.7454755672997818e-17,7.48159459276197e-05,6.03471153918538e-11,2725063257481.5576
19,493.0,0.33949247,9019948574429314.0,0.00026926407033617,1.8769631107231234e-10,7154055780305.734,8350966.6,11.980213315300292,3.7637960704391205e-17,6.783329018204868e-05,4.7508438232925927e-11,1802257319805.7087
20,708.0,0.10496894,4110154551803319.0,5.009263804720983e-05,3.7117477667302964e-11,1961422915022.059,1349570.1,11.980213315300292,2.5538927715977288e-17,3.714979416894453e-05,2.75271319132993e-11,1454634062247.7827
21,3838.0,0.10529732,7507640689680491.0,0.00010975737592906855,1.2291859169217517e-10,7825640211143.391,2054528.9,11.980213315300292,1.4025354216103438e-17,9.658470977425081e-06,1.0801755189661389e-11,688643639840.1654
22,796.0,0.123533234,4636227346615191.0,4.585641755927691e-05,3.339667804491156e-11,1721000658868.2415,1373083.2,11.980213315300292,2.664520627751116e-17,3.714979416894453e-05,2.7055748820570033e-11,1394239315771.3833
23,297.0,0.12660293,1.1082980197220422e+16,0.00027797878065327663,1.974733818878829e-10,24334613118572.727,5082990.5,11.980213315300292,1.1423184716305062e-17,3.288610765091588e-05,2.8787943884524737e-11,2878891348397.385
24,24.0,0.3592741,2.0265144038197456e+16,0.0002856278682471408,1.717670006239979e-10,16111069212480.371,6135446.4,11.980213315300292,1.7728672410263148e-17,5.6273720188441443e-05,3.42497469087137e-11,3174164364155.351
25,2315.0,0.15010902,8619961725533433.0,0.00036049276448391277,2.9357571294374033e-10,20701179930313.754,4419683.9,11.980213315300292,1.7414116765200688e-17,2.654054542529867e-05,2.524307396507277e-11,1524082201994.6301
26,209.0,0.18567163,4633176972279240.0,0.00031878864167332713,2.7505325031822543e-10,7954926628397.873,4960091.04,11.980213315300292,4.0074366058299065e-17,4.52031149601727e-05,3.46207498208403e-11,1127980786880.3833
27,1529.0,0.11366241,1.0133927084564188e+16,2.7613978345531827e-06,2.2158843375140852e-12,246201046650.6508,1246183.2,11.980213315300292,1.121602800686503e-17,1.2010661740260712e-06,9.637958319660153e-13,107084805181.56079
28,73.0,0.30841568,4009141417863693.0,1.3196483642426264e-06,1.117340002643665e-12,17154305883.868114,3117451.0,11.980213315300292,7.69281119956956e-17,1.3878737377360672e-06,8.728237340325615e-13,18041177688.251644
29,15.0,1.3674151,1.0189042532008016e+16,0.0019043929419066585,1.4248249933177066e-09,14190234320758.059,49398411.49,11.980213315300292,1.3420447463089699e-16,0.00012125139337522428,8.991565806106906e-11,903482493476.4834
30,276.0,0.11044752,8821103660135269.0,0.00014001962536818678,1.2624471141996268e-10,11182936745216.928,1109112.8,11.980213315300292,1.2520827807424985e-17,2.6607378908287333e-05,2.398978616808618e-11,2125049502917.76
31,1656.0,0.1239522,8498930800182331.0,0.0002606623304031704,1.8014884546508576e-10,17872624352861.9,4861288.7,11.980213315300292,1.4584446316157886e-17,2.5184489109298335e-05,1.8501113367115836e-11,1726804608372.196
32,520.0,0.217451,8337320033523315.0,0.00041278992680575654,2.6713778721562015e-10,15826837891728.512,8382520.7,11.980213315300292,2.6081642437336806e-17,6.533852731385212e-05,4.975704647914022e-11,2505153863328.7017
33,414.0,0.24296951,6845587165037695.0,0.0002624273223853924,1.8108786555668678e-10,7393804720092.869,4599402.7,11.980213315300292,3.5492866300923375e-17,3.589585839722764e-05,2.51512598474564e-11,1011354171649.2416
34,47.0,0.84962463,9230134468191946.0,0.0005810594716603336,3.8605494662139423e-10,6312501860311.472,22931047.05,11.980213315300292,9.204899808642004e-17,8.346338054028002e-05,6.302775097157185e-11,906727745824.2465
35,1082.0,0.13151965,1.1018833107137848e+16,9.148989088921322e-07,4.5339701459942717e-13,76651043300.2591,2017875.9,11.980213315300292,1.193589636227482e-17,6.954376733452515e-07,3.446384752130949e-13,58264386036.668846
36,725.0,0.15561965,5092628550571396.0,2.536532782998313e-07,1.6550259241621744e-13,8300763605.468545,1532624.2,11.980213315300292,3.0557824599742184e-17,6.954376733452515e-07,4.5375616106365245e-13,22758088393.21366
37,846.0,0.192578,7396433732644589.0,0.00028675569168156416,1.8560713556373695e-10,11013560588340.062,7853346.300000001,11.980213315300292,2.6036601822043757e-17,7.718806844507421e-05,4.162635197593105e-11,2964598413135.5933
38,1337.0,0.14502294,9716780836341014.0,0.00027663940317012323,3.492726192842908e-10,18535305182064.773,6516907.5,11.980213315300292,1.4924998561005968e-17,5.342269282588776e-05,6.542093198631774e-11,3579410249690.9717
39,3624.0,0.13350587,2.309400327942399e+16,0.0002669349558666345,2.0694776412714632e-10,46174724348651.91,3759224.0,11.980213315300292,5.780975623180473e-18,2.9277226714373106e-05,2.3990966471500792e-11,5064409300910.681
40,344.0,0.24172364,8547063782139558.0,0.0004833670608906132,3.2937583152826477e-10,17091291110862.828,7984807.8,11.980213315300292,2.82814831106233e-17,7.274648765802541e-05,7.086416864389087e-11,2572230295472.0166
41,623.0,0.15997462,5232469423147993.0,0.0002122674123014126,1.780030878584385e-10,6942868464997.07,4869815.75,11.980213315300292,3.057344574098916e-17,5.2292795790670983e-05,3.7173489270840495e-11,1710399155976.1667
42,490.0,0.30302694,1.6299518470497444e+16,0.00025686260113457176,7.353495588009026e-10,13816384482425.787,13637668.24,11.980213315300292,1.859115903015704e-17,1.6923595958751895e-05,4.73826656676329e-11,910303436773.3522
43,270.0,0.2886059,7056947905280059.0,0.0003668572011560842,2.7562925097999947e-10,8970336910074.719,6551544.859999999,11.980213315300292,4.08967026360026e-17,3.9195641040687465e-05,3.1476968075393705e-11,958405898625.7332
44,872.0,0.18924506,8217007658771478.0,0.0001204572433738362,6.040522845334715e-11,5230245330352.676,1994152.6,11.980213315300292,2.3030897360547665e-17,8.460769452618673e-06,4.242789369589204e-12,367366035294.4875
45,244.0,0.16911829,5217767458215647.0,2.888622286465829e-06,1.9309271021928195e-12,89121994820.29933,2427588.85,11.980213315300292,3.2412002135839616e-17,1.2159021442617936e-06,1.0578947484431388e-12,37513947431.137184
46,113.0,0.32367915,1.432229215955031e+16,0.0004032123350601915,2.622347028458759e-10,17841510227231.36,15878065.4,11.980213315300292,2.2599675135391377e-17,8.046811727077331e-05,4.92864629154762e-11,3560587344229.5293
47,5906.0,0.11718639,1.1617162907497828e+16,0.00031644176595088555,1.9694381633480942e-10,31370157795523.33,4878308.9,11.980213315300292,1.0087350150213249e-17,4.183312799240396e-05,2.6104200349287373e-11,4147087923930.1113
48,0.0,0.45046705,3169734809704497.0,0.0008368865511717487,5.628231248949289e-10,5888795713299.42,17623002.9,11.980213315300292,1.4211505915915894e-16,8.78635130487443e-05,5.439049282903907e-11,618256176147.6896
49,275.0,0.2029671,6384307939943883.0,0.00029906221188586503,2.788853915347841e-10,9406969178157.979,6159712.76,11.980213315300292,3.1791558601069616e-17,2.998821002732001e-05,2.6656024283371576e-11,943275867774.2546
50,1360.0,0.15567872,1.219904819972201e+16,0.00015602209446205015,1.3742835684153806e-10,12225955163070.01,2123281.6,11.980213315300292,1.276154642979012e-17,1.7781551507396607e-05,1.7612624376863513e-11,1393369651963.8057
51,313.0,0.5777517,1.4948014272056724e+16,0.00024663295654369657,1.3845080401736484e-10,6381068120396.223,6721636.2,11.980213315300292,3.865073243073015e-17,1.918314221813163e-05,1.8096776566843323e-11,496320276789.36383
52,1506.0,0.106681645,7837587619189586.0,0.0002680865141698345,2.6099678914541634e-10,19695530044828.125,2639191.7,11.980213315300292,1.3611540971969509e-17,3.348628648609369e-05,3.261287785379781e-11,2460139271156.1904
53,174.0,0.5271535,8522447612668129.0,0.0007966035852266137,5.574101234820888e-10,12878625150278.668,13631208.2,11.980213315300292,6.185470699947943e-17,5.70845442808171e-05,4.5086397900923807e-11,922881168627.9191
54,1554.0,0.15802447,1.1588826837963048e+16,0.00016831668671868924,1.74309151232423e-10,12343613215868.178,4266132.2,11.980213315300292,1.3635933318318158e-17,4.748428638035627e-05,4.787647475478438e-11,3482290890684.1836
55,317.0,0.16455294,2842105237325346.0,3.952580215157213e-05,3.1856350899443906e-11,682676889908.309,6966898.0,11.980213315300292,5.789825719291725e-17,5.577037762426787e-05,4.199652053065015e-11,963247951288.7706
56,591.0,0.1389829,4216604051683780.0,1.1425109878027507e-06,1.0908394918812063e-12,34662656055.257996,1047368.56,11.980213315300292,3.29608609906119e-17,6.954376733452515e-07,6.639856301827997e-13,21098892821.49911
57,112.0,0.3112666,6801050686071543.0,0.0003199214743056772,1.7631708642541879e-10,6990156227220.155,6550513.6,11.980213315300292,4.5767428353014584e-17,6.005651714435569e-05,3.133655935703028e-11,1312210873661.638
58,195.0,0.10539468,4152708400521751.5,0.0001460741310362335,8.947485864709503e-11,5755539758297.876,1632571.8,11.980213315300292,2.537974493628257e-17,2.9574486407319795e-05,1.811527456698676e-11,1165279102747.8167
59,588.0,0.21556303,8435518650192915.0,0.00014039931040494145,9.543518877374333e-11,5494174958456.967,7538341.2,11.980213315300292,2.555421177274858e-17,1.3861990168742192e-05,9.42834291618638e-12,542454226020.1835
60,938.0,0.13589926,9828717446361204.0,0.00015021406827752369,7.400501240015091e-11,10864015253417.791,5374676.3,11.980213315300292,1.382675417638674e-17,2.0322992546624825e-05,9.91045763058074e-12,1469831045476.4812
61,976.0,0.1759038,6299853629911173.0,0.00035941635065934145,2.1639711193523562e-10,12872208567129.756,5264996.2,11.980213315300292,2.792188681413543e-17,3.687293907795629e-05,2.3040419632529797e-11,1320574763568.2485
62,713.0,0.13339104,4754157222441776.0,0.0002613800773517704,1.6359572048932776e-10,9315782998200.7,3200719.3,11.980213315300292,2.805776791948189e-17,5.543866450614805e-05,3.1330649584659306e-11,1975875795438.9612
63,390.0,0.1256324,9533260247490952.0,1.9801058070681733e-06,1.490984024785286e-12,150254743014.9309,1328053.0,11.980213315300292,1.3178324805835972e-17,6.954376733452515e-07,5.23652048032158e-13,52771325915.20885
64,340.0,0.16205153,3160741268624607.5,0.0008244075827509627,5.696850612199692e-10,16079694335302.01,12401004.6,11.980213315300292,5.1270102873847857e-17,6.92459180538779e-05,4.876677295601459e-11,1350610086042.9375
65,1036.0,0.1507926,8486135710639497.0,0.0001758376122479611,1.3188587259778977e-10,9895590636218.246,5252675.36,11.980213315300292,1.7769289243270492e-17,6.674575109304392e-05,5.106884809553344e-11,3756242029676.093
66,171.0,0.19380413,3967382663677478.5,0.00010767564384360216,6.243176474640218e-11,2204238282669.3003,2824086.5,11.980213315300292,4.8849366554512664e-17,5.370667392706885e-05,3.2598837076355986e-11,1099434398338.3235
67,23.0,0.17744426,2368912690156516.5,0.00013374755657677418,8.006400239033502e-11,1785553863800.086,4617029.66,11.980213315300292,7.490536090136613e-17,1.7822068734144986e-05,1.5615587279118713e-11,237927813439.31747
68,1594.0,0.1084967,8601068116577139.0,0.00038124008436668234,3.3190107041623286e-10,30222780364817.086,6424499.45,11.980213315300292,1.2614328654238945e-17,6.301387699494509e-05,7.241580256534184e-11,4995420582590.4
69,919.0,0.15036574,3884885028375669.5,0.00021974243601630803,1.5726370381078497e-10,5677317850319.851,6923617.84,11.980213315300292,3.870532561496942e-17,4.7519745438269926e-05,4.076554943248678e-11,1227731447371.9734
70,164.0,0.44510174,1.107644198368175e+16,0.0002476866194284222,1.6071163508548433e-10,6163728926858.788,8802014.3,11.980213315300292,4.018454126837313e-17,5.80609602390514e-05,3.42762559840515e-11,1444858107282.8557
71,349.0,0.12181856,5539955000035949.0,1.5097071211955965e-05,9.55204118387233e-12,686571037669.2535,5484825.5,11.980213315300292,2.198908835887828e-17,1.5027258245177196e-05,9.8248799954685e-12,683396146303.1647
72,863.0,0.12307607,7028580541497339.0,0.00047972066909358115,4.492171905182774e-10,27395702187640.77,9649561.76,11.980213315300292,1.7510800263772802e-17,6.364714443061671e-05,4.9448384878885894e-11,3634736475310.7847
73,579.0,0.48908335,1.3823801990264892e+16,0.0006300639685507284,6.12019429261761e-10,17808579135735.77,13579953.69,11.980213315300292,3.537980002494438e-17,9.60608351898931e-05,9.917209396836572e-11,2715132225794.544
74,1095.0,0.14061108,6397455750202278.0,9.464028909286047e-05,8.012383260611615e-11,4305898665012.218,5826475.2,11.980213315300292,2.1979218847360388e-17,7.36356391910022e-05,5.6512389132290785e-11,3350239137358.8574
75,3252.0,0.13873093,1.0264188541534928e+16,0.00010926986946050991,7.966999031994965e-11,8084473606942.469,1371531.1,11.980213315300292,1.3516015361430013e-17,2.0331718330224017e-05,1.4824103026336055e-11,1504268661031.8335
76,1274.0,0.1865878,6606507914680814.0,0.00013332888816696358,5.922803020803821e-11,4720771427342.185,4503902.7,11.980213315300292,2.8243029813885385e-17,1.4846023999624451e-05,6.573998084894882e-12,525652668904.72076
77,333.0,0.21084803,4436769567663706.5,0.00012958357225933696,1.1372648465914141e-10,2726762255589.3794,4430745.7,11.980213315300292,4.752287149116635e-17,2.9609491780784864e-05,2.5973406916279477e-11,623057716246.981
78,2207.0,0.11071135,7444458715701214.0,2.4179339209848917e-05,1.506254816804938e-11,1625868463537.4412,1605262.2,11.980213315300292,1.4871645371139894e-17,3.714979416894453e-05,2.3142508537823e-11,2498028512772.2246
79,2479.0,0.16208637,1.7324723779806742e+16,0.0004100910056112111,2.1071955552039877e-10,43832886113726.95,9720123.2,11.980213315300292,9.355783795463669e-18,4.5024834939333676e-05,2.537723315944523e-11,4812513406002.908
80,2299.0,0.12984526,1.3261204247184016e+16,4.5866468076006695e-07,2.2246066394710575e-13,46843804791.40094,2061778.8,11.980213315300292,9.791362653023937e-18,3.714979416894453e-05,1.8018321931016326e-11,3794139333351.246
81,178.0,0.14794338,4581887152689776.0,0.00017350660601118354,1.094855776626433e-10,5373594201980.842,6134607.3,11.980213315300292,3.2288743714072163e-17,5.9061551388692764e-05,3.392098478468001e-11,1829168452997.21
82,982.0,0.13464941,8880212531399229.0,3.185694039763697e-06,2.30886470474135e-12,210098507918.55246,3934949.8600000003,11.980213315300292,1.5162858943285188e-17,2.0803076366655184e-06,1.6436958417829199e-12,137197585524.38255
83,781.0,0.28688446,9565858565829818.0,0.00034603208925724344,2.70787011011657e-10,11538073637984.4,7861696.3,11.980213315300292,2.999045595601626e-17,5.9070218076166393e-05,5.858300958423523e-11,1969633878284.4202
84,55.0,0.2393648,4601864061077252.0,0.00012811595470140562,9.690227023457006e-11,2463069789672.499,1322115.1,11.980213315300292,5.2014748115781367e-17,1.3734644306435188e-05,1.0388387748112995e-11,264052885075.26334
85,737.0,0.12378712,3595885665165400.5,8.176072014792332e-06,5.378180422259631e-12,237506294316.82184,3203876.1,11.980213315300292,3.442465404258234e-17,1.502606509693124e-05,1.02669165060578e-11,436491390105.0222
86,250.0,0.341297,5734734631471064.0,0.0005712835208662278,3.691545348762631e-10,9599145001275.365,19036460.6,11.980213315300292,5.95140005479994e-17,8.485599812776081e-05,5.493557136665981e-11,1425815729852.0457
87,882.0,0.13914065,5662089820801780.0,0.0003634345005366501,3.0419146324786486e-10,14789342913208.652,6699002.9,11.980213315300292,2.4574080313741297e-17,4.93032106050352e-05,5.1473738024527763e-11,2006309492586.215
88,202.0,0.23615775,4378356007406070.0,0.0004142622958214352,2.83978572348015e-10,7680407742500.982,13432156.45,11.980213315300292,5.3937539478410347e-17,4.662291501182698e-05,3.3081798632409384e-11,864387131164.7206
89,2679.0,0.117759615,8309484217746829.0,0.0003606874933336265,2.7430659540395566e-10,25451229892305.9,4055112.9,11.980213315300292,1.4171711734947044e-17,3.714663535481624e-05,2.7583257241551292e-11,2621181975019.551
90,1140.0,0.100250445,3295631858233938.0,2.034814100556058e-06,1.6697837081194034e-12,66892452949.97126,2527240.6399999997,11.980213315300292,3.041918797742238e-17,1.3878737377360672e-06,1.0626503084991983e-12,45624943662.73583
91,679.0,0.17375368,5411335807421056.0,0.0002195255265246774,1.6582720601138398e-10,6836841339567.299,4046843.5,11.980213315300292,3.2109203010782624e-17,3.046101454989789e-05,2.2751592204990552e-11,948669281503.7715
92,99.0,0.17143904,1.1316223933436698e+16,0.000188006890757672,1.3665146702197577e-10,12409822621749.322,7151270.9,11.980213315300292,1.5149845125761358e-17,5.9347499247322045e-05,4.6370733166040456e-11,3917366729142.6865
93,1726.0,0.14468853,9127494746650784.0,0.0002663206508968045,1.6752995750583008e-10,16800504794576.324,7573410.2,11.980213315300292,1.5851943388199878e-17,4.593640369709212e-05,3.2839739310654294e-11,2897840509024.7163
94,402.0,0.1552727,3759425110032290.5,0.00010576398941700301,6.585155779321112e-11,2560732167029.1724,1606097.0,11.980213315300292,4.130224581030857e-17,2.0331718330224017e-05,1.2659084930875295e-11,492266653576.24335
95,1022.0,0.1621372,8154848242860385.0,0.00026180946712908997,2.3920035213750136e-10,13167961904990.791,4702293.4,11.980213315300292,1.9882307453354762e-17,1.3623993425080746e-05,1.2441551408726003e-11,685232006246.9387
96,5609.0,0.11437445,1.5674347420909084e+16,0.00019014025643648017,1.0518016176601384e-10,26057606730228.08,5522674.0,11.980213315300292,7.29691941416509e-18,5.6747517857718334e-05,3.330556131636479e-11,7776914426046.372
97,1227.0,0.105776384,5554867552114940.0,0.00014408373879620331,1.0497862530577111e-10,7566585802615.774,2881886.7,11.980213315300292,1.9042107306361802e-17,3.0533468271914335e-05,2.186191696814501e-11,1603471074953.6301
98,930.0,0.111290865,4339258626952018.5,0.0002199634791197619,1.289257320869783e-10,8576430998041.097,1706125.5,11.980213315300292,2.5647437631108178e-17,2.9574486407319795e-05,1.7334297158866562e-11,1153116612766.3545
99,37.0,0.4446539,6157432017379963.0,0.00022681077606076988,1.3495699052350038e-10,3140806668744.795,5783293.9,11.980213315300292,7.221417934374594e-17,1.7101588849202415e-05,1.205148279246252e-11,236817602922.51367
100,2480.0,0.12190293,7065288171068234.0,0.00036251702402441866,2.045520848778298e-10,21010875141808.19,7005489.199999999,11.980213315300292,1.7253780319843476e-17,2.400851198981012e-05,1.465144137263859e-11,1391492852276.441
101,2749.0,0.122644536,1.0306492570248614e+16,0.00021174129702709898,1.2710562628236075e-10,17793781735409.727,3252403.6,11.980213315300292,1.1899735546701273e-17,4.748428638035627e-05,3.253721449427183e-11,3990364844159.8687
102,655.0,0.27641946,9639272101101226.0,0.0010356293861769608,6.963132142346615e-10,36114365642911.555,23019349.3,11.980213315300292,2.867638314395346e-17,6.186288806036418e-05,4.07172408193047e-11,2157276520885.3838
103,1626.0,0.11032822,5692445875750453.0,1.6007927058295393e-05,9.517033039795759e-12,825937900224.5092,3137643.5,11.980213315300292,1.9381514099236838e-17,4.005555241333928e-05,2.389665894735527e-11,2066688505771.4094
104,480.0,0.22578713,6764554837630710.0,0.0004122438788105901,2.559683540968987e-10,12350776258557.453,5282245.2,11.980213315300292,3.337797318811922e-17,3.1606556180355184e-05,2.0773577471899146e-11,946928562804.5693
105,1194.0,0.13440049,8173316969779971.0,0.00014207026354986298,9.406564643208128e-11,8639740048367.441,5163792.55,11.980213315300292,1.644381228538334e-17,9.783833913301308e-06,6.483804718777043e-12,594985745610.7069
106,1939.0,0.16945803,1.3811845054605288e+16,0.0007827749662531643,6.052937498287324e-10,63800851140029.12,13054158.24,11.980213315300292,1.2269036419829917e-17,8.246765292885991e-05,6.513922851274533e-11,6721607965526.208
107,780.0,0.16158949,6978573287863517.0,0.00013656871906983351,6.176181070580217e-11,5898000017565.976,3608763.2,11.980213315300292,2.3155089634298367e-17,2.0321922314759452e-05,1.2505932342963792e-11,877643863000.1112
108,160.0,0.59530956,9244278900713786.0,0.0007735424510437042,5.459802261322359e-10,12011972660055.623,13732239.0,11.980213315300292,6.439762001923523e-17,7.339859144881212e-05,4.890462512681972e-11,1139771802543.1428
109,148.0,0.2765255,3772916002819958.0,0.0005713368441684648,4.2681107185112667e-10,7795324201073.151,14057320.9,11.980213315300292,7.32922492293279e-17,6.798261186396543e-05,5.4196189574188884e-11,927555267832.6344
110,8607.0,0.10431518,1.7937012985062226e+16,3.8317361170057816e-06,2.848158563627368e-12,658867678568.5902,2859549.1,11.980213315300292,5.8156383165286595e-18,1.698564072615234e-06,1.2283736054459172e-12,292068381864.07416
111,1526.0,0.122585975,8656321810383629.0,0.0005021059540569071,2.706553455475659e-10,35455856358986.3,11659322.25,11.980213315300292,1.4161439198454114e-17,5.574823956986593e-05,4.849473738816623e-11,3936622456844.04
112,337.0,0.304965,5885465428435922.0,0.00030496955006396485,2.71974520062361e-10,5885553239313.112,9494999.790000001,11.980213315300292,5.1816632636485515e-17,6.35274546055462e-05,5.2362685008540704e-11,1226005075459.3955
113,1216.0,0.17275588,1.0423874858951756e+16,0.00028081036784616644,1.6902269794259738e-10,16943748215832.936,6310509.0,11.980213315300292,1.6573096121893837e-17,3.591909911991203e-05,2.1485926357635185e-11,2167313750896.6245
114,381.0,0.20077361,4610309715277664.0,1.831328299827617e-05,1.3129480758193665e-11,420522928912.7286,3112809.7,11.980213315300292,4.354883346224562e-17,4.063415900815932e-05,3.082700682995462e-11,933071124474.2489
115,1808.0,0.111345485,1.142160376829371e+16,3.8203405110790694e-06,1.8998570714130757e-12,391883115669.2686,2010856.8,11.980213315300292,9.748673413894314e-18,1.497798625793286e-05,7.448559369286197e-12,1536412763257.1482
116,98.0,0.44570833,8445417571365995.0,0.0009002334756429296,6.7833489026632e-10,17057898858490.438,18422698.7,11.980213315300292,5.2775167862766715e-17,7.134426135464223e-05,6.27205864968864e-11,1351852855118.5557
117,678.0,0.17643276,4913688431652141.0,0.0004908540578675511,2.6949295001932255e-10,13670385849959.479,9862241.26,11.980213315300292,3.5906379180146265e-17,5.5793196039046784e-05,3.535944645354251e-11,1553851914700.8994
118,561.0,0.2789601,1.1958335951076756e+16,0.0006848951565800271,5.194532925790926e-10,29359777164007.62,16094431.6,11.980213315300292,2.3327668761043777e-17,6.612670407194683e-05,5.272413022586669e-11,2834689773303.6934
119,662.0,0.12086334,5105236132180476.0,0.00011107038715178449,5.0418166886206605e-11,4691584343958.758,3605519.6999999997,11.980213315300292,2.367438779925319e-17,5.370667392706885e-05,2.539870100797237e-11,2268555976292.7866
120,1677.0,0.13294467,1.0052814522723386e+16,0.00028855545784058003,1.9516023345551366e-10,21819562207276.746,7340907.4,11.980213315300292,1.32246217911901e-17,4.0902997219270094e-05,2.337298555109782e-11,3092942684116.5776
121,2082.0,0.10163881,8064471625595221.0,0.00012079797747622826,1.1553994810135366e-10,9584644505246.898,2352084.85,11.980213315300292,1.2603281990281447e-17,4.005555241333928e-05,3.8205920104690764e-11,3178184257420.1416
122,1711.0,0.21243548,1.50609575328521e+16,0.0002843561528021275,2.1453776682049105e-10,20159890153744.773,7652436.3,11.980213315300292,1.4105044751412362e-17,5.4967574732850095e-05,4.549276526256856e-11,3897015266636.8604
123,618.0,0.1411281,4299189768264078.0,0.00021774717989545022,1.6901811662145356e-10,6633239219367.915,6283957.7,11.980213315300292,3.2826673770435716e-17,4.1754784318988595e-05,3.025321289873509e-11,1271977313662.3333
124,656.0,0.152543,9875441506217338.0,0.0008341797003816522,5.4967671322168e-10,54003742136924.74,14777478.7,11.980213315300292,1.5446701790898426e-17,9.016645133514599e-05,7.785928024814423e-11,5837262384923.769
125,331.0,0.46596068,1.100471162225609e+16,0.0006730809748426728,3.9731192949721306e-10,15896324184629.955,13464545.9,11.980213315300292,4.2341925531027487e-17,5.783925796772267e-05,2.9171661996353385e-11,1366004432777.602
126,529.0,0.10983194,1.1505608242752406e+16,8.928721566423895e-05,7.950954524023063e-11,9353415085983.908,1122974.8,11.980213315300292,9.545948174377061e-18,2.6607378908287333e-05,2.369365626752028e-11,2787295554328.0693
127,319.0,0.12833539,4392905507723194.5,0.0002042778100712826,1.385920299363633e-10,6992405734441.373,3327561.7,11.980213315300292,2.921423867970134e-17,3.9607419267344816e-05,2.1489580050029164e-11,1355757365495.3699
128,1073.0,0.11082424,4529383569012452.0,0.00012634001971452904,1.0002924688339274e-10,5163513049164.128,1263030.8,11.980213315300292,2.4467841663531968e-17,9.583501534792644e-06,7.587702164343612e-12,391677437944.0402
129,1109.0,0.12881288,4571337979870612.0,9.90209971542854e-05,5.5429378302698977e-11,3514077513801.7617,8520644.4,11.980213315300292,2.817837590815062e-17,6.708852007227483e-05,3.444178363399049e-11,2380851199194.536
130,667.0,0.14485762,4254784556842773.0,0.0001844099012940444,1.1857638382204972e-10,5416521410159.854,5154134.9,11.980213315300292,3.4045817846883034e-17,5.45993968375722e-05,4.117648203954754e-11,1603703488138.4377
131,87.0,0.12075126,5182520906313815.0,0.00012665085916649702,1.1781005127004424e-10,5435725684626.21,1075042.9,11.980213315300292,2.329971498096417e-17,2.0331718330224017e-05,1.891247161413188e-11,872616611269.0648
132,234.0,0.2181777,6239657416315693.0,0.00018608596864120474,1.8025540195278906e-10,5321866965800.733,7883129.66,11.980213315300292,3.49662946926382e-17,2.931258708037258e-05,2.4181523487441997e-11,838309787698.0385
133,1593.0,0.15268081,7871387012412044.0,0.00012446579879313535,9.160957036946475e-11,6416775442243.045,2907632.3,11.980213315300292,1.9396938526748125e-17,3.0533468271914335e-05,2.2197451881888332e-11,1574138528603.8352
134,1525.0,0.14454661,9691273566227344.0,0.00020855770536894007,1.6958671134998032e-10,13982962153695.889,2560075.4,11.980213315300292,1.4915130505006438e-17,2.453608005537681e-05,1.8700865563714342e-11,1645046286865.6086
135,187.0,0.24961957,3516002462743091.0,0.0004403494019980009,2.338802497302555e-10,6202516821467.236,11916146.1,11.980213315300292,7.099527734837066e-17,3.518153323488604e-05,1.7073553190937046e-11,495547514551.59235
136,1539.0,0.121088795,9752454319792216.0,0.00013676148288673968,1.1075091272047459e-10,11014727783524.262,5601696.34,11.980213315300292,1.2416238110877907e-17,7.362738125637042e-05,5.4542288652404105e-11,5929926649188.954
137,456.0,0.121497944,4487065740120259.0,3.477387078925517e-05,2.7400347168413178e-11,1284241026085.4744,3304081.3,11.980213315300292,2.7077371056467672e-17,3.778233596633372e-05,3.0121908960169294e-11,1395347276792.1858
138,1192.0,0.17310344,6358847271564630.0,0.0002408389514305692,1.5509469064734838e-10,8847069181240.775,3148347.2,11.980213315300292,2.7222455990424647e-17,3.588912114438456e-05,2.33054788688475e-11,1318364557445.0874
139,1509.0,0.101357736,4907390269285998.0,0.0001414943406452254,7.054819073957153e-11,6850665551975.405,4201954.8,11.980213315300292,2.0654101352886097e-17,1.4846950728998937e-05,7.423557750795281e-12,718837894485.5085
140,4515.0,0.10287465,1.0518480930571822e+16,0.00040796123630334764,2.7200241583916687e-10,41712243827505.3,7845004.5,11.980213315300292,9.78037139383846e-18,2.7504553385383432e-05,1.7824214685053902e-11,2812219728456.43
141,466.0,0.2511255,7511888996045124.0,0.0005241038945070062,3.789296357883681e-10,15677461181487.242,10292907.7,11.980213315300292,3.3430406137818743e-17,8.488683551691714e-05,6.420381036574376e-11,2539210417216.182
142,153.0,0.25827938,7315358961513845.0,0.00021140845156796057,1.6407404543862416e-10,5987813315633.041,6893090.9,11.980213315300292,3.53064533618664e-17,5.033169590768568e-05,4.3292596403172864e-11,1425566464912.8328
143,1014.0,0.25068572,1.3346519348841902e+16,0.000147500551362665,1.1240199967785708e-10,7852936189291.744,5676998.1,11.980213315300292,1.878285367501096e-17,4.094114632757443e-05,2.421855685388374e-11,2179708527572.8499
144,619.0,0.10847292,3111743880780400.5,0.0002595737649706103,1.8515736944052585e-10,7446347666850.183,5168934.0,11.980213315300292,3.485920569169589e-17,4.169603221728465e-05,3.8478615747999964e-11,1196126859173.312
145,356.0,0.29275382,6248901325321343.0,5.3501401117568856e-05,3.112305899520467e-11,1142000389098.6797,11920633.5,11.980213315300292,4.6848846662648404e-17,5.256958072243413e-05,3.039620632881866e-11,1122110456656.0598
146,2657.0,0.11809135,1.3210602116161124e+16,0.00022850805393934584,1.688660183677095e-10,25562659593026.773,6248006.76,11.980213315300292,8.939134564921423e-18,4.735662314077801e-05,3.5604507352436355e-11,5297674265539.405
147,386.0,0.17999391,7273859750854209.0,0.0003388861064081808,2.2855600778196168e-10,13694963399184.8,10198725.2,11.980213315300292,2.474530939077597e-17,4.200773573885497e-05,2.914259559468e-11,1697603981242.349
148,301.0,0.49666798,1.1367100171397798e+16,0.0015408495228315076,1.2308603214522973e-09,35264989047766.37,35011562.35,11.980213315300292,4.369346381320095e-17,0.0001106203338139741,7.757899016661256e-11,2531736423710.8794
149,86.0,0.11320663,3218077998358115.5,0.0001055307780705693,7.427096199967887e-11,2999879733709.1665,2849391.7,11.980213315300292,3.5178336279530444e-17,1.3734644306435188e-05,9.666234476924011e-12,390429046936.6824
150,1296.0,0.14870389,8772414300685325.0,0.00022953360108270498,1.3135255852566651e-10,13540761069705.184,6246381.1,11.980213315300292,1.6951307234586817e-17,2.2498656383036655e-05,1.1285004705882609e-11,1327251997246.0432
151,1922.0,0.11563747,6111329165873523.0,8.954432756806774e-05,6.105663522850205e-11,4732331662957.214,2878602.5,11.980213315300292,1.8921819928426545e-17,6.356236275313101e-05,4.467933335525173e-11,3359209790261.2573
152,405.0,0.37047023,8949914124163492.0,0.0012390180506454606,8.820236276808087e-10,29932513475010.73,19011222.2,11.980213315300292,4.139371896315555e-17,6.709118446667246e-05,4.579342743264193e-11,1620805913244.7163
153,18.0,1.6939921,1.359509358079693e+16,0.002565391879373563,1.851079573029122e-09,20588491924785.305,52408834.55,11.980213315300292,1.2460319525808663e-16,0.0001342388398288678,9.862542450513751e-11,1077330637876.6866
154,253.0,0.21533085,6264016742595342.0,0.0006256303735258166,4.169751928114861e-10,18199710512645.508,11654888.6,11.980213315300292,3.4375842027328764e-17,6.697695608562705e-05,3.8024465212205354e-11,1948372814617.3245
155,104.0,0.3059575,6529771573642964.0,0.00033479098975758433,2.0384621273031728e-10,7145138419652.622,5084004.5,11.980213315300292,4.6855773827522435e-17,5.7383644740532545e-05,3.18022761703293e-11,1224686736617.8506
156,1538.0,0.16536178,1.0400349852287212e+16,5.759675495167832e-05,3.8051867760841735e-11,3622520281614.714,2697246.0,11.980213315300292,1.5899636295757317e-17,3.7151753263374667e-05,2.4502587658109225e-11,2336641705023.674
157,1442.0,0.13378362,5249170987790485.0,0.00012107176809084124,6.134758406102348e-11,4750405262639.34,5740372.7,11.980213315300292,2.548661880346044e-17,1.3787362144254284e-05,6.966885838407733e-12,540964741167.7185
158,1272.0,0.15197599,7462852113711889.0,0.0005084247577250303,3.060567966999029e-10,24966435670869.44,13015509.6,11.980213315300292,2.0364330913213e-17,5.985536380132501e-05,3.656164592953847e-11,2939225651773.7603
159,130.0,0.16827123,4796659289689697.0,0.000259324143369506,1.9435433292878675e-10,7392170137070.751,4187419.1,11.980213315300292,3.5080921916154216e-17,4.395471621890522e-05,2.964039690502428e-11,1252952140880.447
